" The customer does not exist in the system anymore.","Deze klant staat niet meer in het systeem."
" [deleted]","[verwijderd]"
" and ","en"
"%s (Default Template from Locale)","%s (Standaard Template van Locale)"
"%s cache type(s) disabled.","%s cache type(s) gedeactiveerd"
"%s cache type(s) enabled.","%s cache type(s) geactiveerd"
"%s cache type(s) refreshed.","%s cache type(s) vernieuwd"
"(For Type "Local Server" need to use relative path to Magento install var/export or var/import, e.g. var/export, var/import, var/export/some/dir, var/import/some/dir)","(For Type "Local Server" need to use relative path to Magento install var/export or var/import, e.g. var/export, var/import, var/export/some/dir, var/import/some/dir)"
"(For US 2-letter state names)","(Voor 2-letter-codes van staten in VS)"
"(If left empty will be auto-generated)","(Als u deze leeg laat, wordt er een gegenereerd)"
"(Leave empty for first spreadsheet)","(Laat leeg voor eerste spreadsheet)"
"(Products will be added/updated to this store if 'store' column is blank or missing in the import file.)","(Producten worden toegevoegd/ge&uuml;pdate naar deze winkel als de kolom Winkel ontbreekt of  leeg is in het importbestand.)"
"(Shift-)Click or drag to change value","Wijzig de waarde met (shift-)klik of slepen"
"(Starting with)","(Beginnend met)"
"(When 'No', only mapped fields will be imported. When mapping, use 'column1', 'column2', etc.)","(Bij &34;Nee &34; worden alleen ingedeelde velden ge&iuml;mporteerd. Gebruik voor indelen &34;kolom1 &34;,  &34;kolom &34;, etc.)"
"(You have to increase php memory_limit before changing this value)","(U moet de php memory_limit verhogen voordat u deze waarde verandert.)"
"(\\t for tab)","(\\t voor tabblad)"
"* - If indexing is in progress, it will be killed and new indexing process will start.","* - Herindexatie zal onderbroken en opnieuw opgestart worden."
"* Required Fields","* Verplichte velden"
"- Click on any of the time parts to increase it","- Klik op een deel van de tijdnotatie om het te verhogen"
"- Hold mouse button on any of the above buttons for faster selection.","Houd muisknop vast op een knop hierboven voor snelle selectie"
"- Use the %s buttons to select month","-- Selecteer de maand met de %s knoppen"
"- Use the %s, %s buttons to select year","-- Selecteer het jaar met de %s, %s knoppen"
"- or Shift-click to decrease it","of shift-klik om het te verlagen"
"- or click and drag for faster selection.","of klik en sleep voor snelle selectie"
"-- Not Selected --","-- Niet geselecteerd --"
"-- Please Select --","-- Selecteer a.u.b. --"
"-- Please Select Billing Agreement--","-- Selecteer facturatie overeenkomst --"
"-- Please Select a Category --","-- Selecteer een categorie a.u.b. --"
"-- Please select --","-- Selecteer a.u.b. --"
"--Please Select--","--Selecteer a.u.b.--"
"1 Hour","1 uur"
"12 Hours","12 uur"
"12h AM/PM","12uur Ochtend/Avond"
"2 Hours","2 uur"
"24 Hours","24 uur"
"24h","24uur"
"2YTD","Afgelopen 2 jaar."
"6 Hours","6 uur"
"<h1 class="page-heading">404 Error</h1><p>Page not found.</p>","<h1 class="page-heading">404 Error</h1><p>Page not found.</p>"
"<strong>%s</strong> requests access to your account","<strong>%s</ strong> vraagt ​​toegang tot uw account"
"<strong>Attention</strong>: Captcha is case sensitive.","<strong>Let op</ strong>: Captcha is hoofdlettergevoelig."
"A user with the same user name or email aleady exists.","Een gebruiker met deze naam of dit e-mailadres bestaat reeds"
"API Key","API-sleutel"
"API Key Confirmation","API-sleutelbevestiging"
"ASCII","ASCII"
"Abandoned Carts","Achtergelaten winkelwagens"
"About the calendar","Over de kalender"
"Access Denied","Geen toegang."
"Access denied","Toegang geweigerd"
"Access denied.","Toegang geweigerd."
"Account Created in:","Account gemaakt in:"
"Account Created on (%s):","Account gemaakt op (%s):"
"Account Created on:","Account gemaakt op:"
"Account Information","Accountgegevens"
"Account Status","Account Status"
"Account status","Account-status"
"Action","Actie"
"Actions","Acties"
"Actions XML","Acties XML"
"Active","Actief"
"Add","Toevoegen"
"Add Exception","Uitzondering toevoegen"
"Add Field Mapping","Veldverwijzingen toevoegen"
"Add Field with URL:","Veld met URL toevoegen"
"Add New","Nieuwe Toevoegen"
"Add New Image","Nieuwe afbeelding toevoegen"
"Add New Profile","Nieuw profiel toevoegen"
"Add New Role","Nieuwe Rol toevoegen"
"Add New Template","Nieuwe template toevoegen"
"Add New URL Rewrite","Voeg nieuwe URL Rewrite toe"
"Add New User","Nieuwe gebruiker toevoegen"
"Add New Variable","Voeg nieuwe variabele toe"
"Add Products","Voeg Producten toe"
"Add URL Rewrite","URL Rewrite toevoegen"
"Add URL Rewrite for a Category","Voeg URL Rewrite toe voor categorie"
"Add URL Rewrite for a Product","Voeg URL Rewrite toe voor product"
"Add after","Toevoegen na"
"Additional Cache Management","Additionele Cache Opties"
"Address Type:","Adrestype:"
"Admin","Beheerder"
"Advanced Admin Section","Sectie Geavanceerde Admin"
"Advanced Profiles","Geavanceerde profielen"
"Advanced Section","Sectie Geavanceerd"
"After authorization application will have access to you account.","Nadat de Applicatie geauthoriseerd is heeft deze toegang tot uw account"
"All","Alle"
"All Allowed Countries","Alle toegestane landen"
"All Cache","Hele cache"
"All Files","Alle bestanden"
"All Reviews","Alle reviews"
"All Store Views","Alle winkel-zichten"
"All Tags","Alle tags"
"All Websites","Alle websites"
"All countries","Alle landen"
"All fields","Alle velden"
"All possible rates were fetched, please click on "Save" to apply","All possible rates were fetched, please click on "Save" to apply"
"All rates were fetched, please click on "Save" to apply","All rates were fetched, please click on "Save" to apply"
"All valid rates have been saved.","Alle beoordelingen zijn opgeslagen."
"Always (during development)","Altijd (bij ontwikkeling)"
"Amounts","Bedragen"
"An error has occured while syncronizing media storages.","Een fout heeft zich voorgedaan tijdens het synchroniseren van het mediageheugen."
"An error occurred while clearing the JavaScript/CSS cache.","Er is een fout opgetreden bij het vernieuwen van de JavaScript / CSS cache."
"An error occurred while clearing the image cache.","Er is een fout opgetreden bij het vernieuwen van de afbeeldingen cache."
"An error occurred while deleting URL Rewrite.","Er is een fout opgetreden bij het verwijderen van URL Rewrite."
"An error occurred while deleting email template data. Please review log and try again.","Er ging iets verkeerd bij het verwijderen van deze mailtemplate."
"An error occurred while deleting record(s).","Er is een fout opgetreden bij het verwijderen van record(s)."
"An error occurred while deleting this role.","Er ging iets verkeerd bij het verwijderen van deze rol"
"An error occurred while deleting this set.","Er ging iets verkeerd bij het verwijderen van deze set"
"An error occurred while deleting this template.","Er ging iets verkeerd bij het verwijderen van deze template"
"An error occurred while finishing process. Please refresh the cache","Er ging iets verkeerd. Vernieuw de cache en probeer het opnieuw."
"An error occurred while rebuilding the CatalogInventory Stock Status.","Er ging iets verkeerd bij het herbouwen van de Catalogus Voorraad Status"
"An error occurred while rebuilding the catalog index.","Er ging iets verkeerd bij het herbouwen van de Catalogus Index"
"An error occurred while rebuilding the flat catalog category.","Er ging iets verkeerd bij het herbouwen van de Categorieën Index"
"An error occurred while rebuilding the flat product catalog.","Er ging iets verkeerd bij het herbouwen van deze rol Producten Index"
"An error occurred while rebuilding the search index.","Er ging iets verkeerd bij het herbouwen van de Zoek Index"
"An error occurred while refreshing the Catalog Rewrites.","An error occurred while refreshing the Catalog Rewrites."
"An error occurred while refreshing the Layered Navigation indices.","An error occurred while refreshing the Layered Navigation indices."
"An error occurred while refreshing the catalog rewrites.","Er ging iets verkeerd bij het herbouwen van de Catalogus Rewrites"
"An error occurred while refreshing the layered navigation indices.","Er ging iets verkeerd bij het herbouwen van de Gelaagde Navigatie"
"An error occurred while saving URL Rewrite.","Er is een fout opgetreden tijdens het opslaan van de URL Rewrite."
"An error occurred while saving account.","Er ging iets verkeerd bij het opslaan van dit account"
"An error occurred while saving review.","Er is een fout opgetreden tijdens het opslaan van de beoordeling."
"An error occurred while saving the customer.","Er is een fout opgetreden bij het opslaan van de klant"
"An error occurred while saving this configuration:","Er ging iets verkeerd bij het opslaan van deze configuratie:"
"An error occurred while saving this role.","Er ging iets verkeerd bij het opslaan van deze rol:"
"An error occurred while saving this template.","Er ging iets verkeerd bij het opslaan van deze template:"
"An error occurred while updating the selected review(s).","Er ging iets verkeerd bij het updaten van de geselecteerde review(s)."
"Any","Elke"
"Any Attribute Set","Iedere attributen-set"
"Any Group","Elke groep"
"Any Status","Elke status"
"Any Store","Elke winkel"
"Any Type","Elk type"
"Any Visibility","Elke zichtbaarheid"
"Any data created since the backup was made will be lost including admin users, customers and orders.","Alle gegevens die zijn gemaakt sinds de back-up zullen verloren gaan inclusief admin gebruikers, klanten en orders."
"Archive file name:","Bestandsnaam archief:"
"Are you sure that you want to delete this template?","Weet u zeker dat u deze template wilt verwijderen?"
"Are you sure that you want to strip tags?","Weet u zeker dat u tags wilt verwijderen?"
"Are you sure you want to do this?","Weet u zeker dat u dit wilt?"
"Are you sure you want to proceed?","Weet je zeker dat je verder wilt gaan?"
"Area","Gebied"
"As low as:","Zo laag als:"
"Assigned","Toegewezen"
"Associated Tags","Labels"
"Attribute Set Name:","Naam attributen-set:"
"Attributes","Attributen"
"Authorization confirmed","Machtiging bevestigd"
"Authorize","Machtigen"
"Authorize application","Machtig toepassing"
"Authorized OAuth Tokens","Gemachtigde OAuth Tokens"
"Automatic (equalize price ranges)","Automatisch (gelijk prijsklassen)"
"Automatic (equalize product counts)","Automatisch (gelijk Aantal Producten)"
"Average Order Amount","Gemiddeld bestelbedrag"
"Average Orders","Gemiddelde orderwaarde per order"
"BINARY","BINAIR"
"Back","Terug"
"Back to Login","Terug naar log-in venster"
"Backup","Back-up"
"Backup Name","Backup naam"
"Backup options","Backup opties"
"Backups","Back-ups"
"Base currency","Basis-valuta"
"Bcc","Bcc (Blinde kopie)"
"Bestsellers","Meest verkocht"
"Billing Address","Factuuradres"
"Billing Address: ","Factuuradres:"
"Billing Agreement","Incasso Overeenkomst"
"Billing Agreements","Incasso Overeenkomsten"
"Block Information","Blok informatie"
"Both (without and with tax)","Beide (met en zonder BTW)"
"Both IPN and PDT","Zowel IPN als PDT"
"Browse Files...","Blader door bestanden..."
"Bundle with dynamic pricing cannot include custom defined options. Options will not be saved.","Een bundel met dynamische prijzen kan geen eigen opties bevatten. Opties worden niet opgeslagen."
"CMS","CMS"
"CRITICAL","CRITICAL"
"CSV","CSV"
"CSV / Tab separated","CSV / Tab-gescheiden"
"Cache Control","Cache-beheer"
"Cache Control (beta)","Cache-instellingen (beta)"
"Cache Management","Cache-beheer"
"Cache Type","Cache Type"
"Cancel","Annuleren"
"Cannot add new comment.","Kan geen nieuwe reactie toevoegen"
"Cannot add tracking number.","Kan geen Track & Trace nummer toevoegen"
"Cannot create an invoice without products.","Kan geen factuur maken zonder producten"
"Cannot create credit memo for the order.","Kan geen creditnota voor deze order aanmaken"
"Cannot delete the design change.","Kan het design niet wijzigen"
"Cannot delete tracking number.","Kan het Track & Trace nummer niet verwijderen"
"Cannot do shipment for the order separately from invoice.","Kan geen verzendopdracht aanmaken zonder factuur"
"Cannot do shipment for the order.","Kan geen verzendopdracht voor deze order aanmaken"
"Cannot initialize shipment for adding tracking number.","Kan dit Track & Trace nummer niet toevoegen"
"Cannot initialize shipment for delete tracking number.","Kan dit Track & Trace nummer niet verwijderen"
"Cannot load track with retrieving identifier.","Kan de Track & Trace informatie niet openen"
"Cannot retrieve tracking number detail.","Kan de Track & Trace informatie niet verkrijgen"
"Cannot save shipment.","Kan deze zending niet opslaan"
"Cannot save the credit memo.","Kan creditfactuur niet opslaan"
"Cannot send shipment information.","Kan de verzend details niet versturen"
"Cannot update item quantity.","Kan de aantallen niet wijzigen"
"Cannot update the item\'s quantity.","Kan de product hoeveelheid niet updaten."
"Catalog","Catalogus"
"Catalog Price Rules","Catalogus prijsregels"
"Catalog Rewrites","Catalogus Rewrites"
"Categories","Categorieën"
"Category:","Categorie:"
"Chart is disabled. If you want to enable chart, click <a href="%s">here</a>.","Chart uitgeschakeld. Als u de chart weer wilt inschakeln klik <a href="%s">hier</a>."
"Checkbox","Checkbox"
"Child Transactions","Bijbehorende transacties"
"Choose Store View:","Kies winkelzicht:"
"Choose an attribute","Attribuut kiezen"
"Chosen category does not associated with any website, so url rewrite is not possible.","Gekozen categorie komt met geen enkele website overeen, de url herschrijving is daarom niet mogelijk."
"Chosen product does not associated with any website, so url rewrite is not possible.","Gekozen product komt met geen enkele website overeen, de url herschrijving is daarom niet mogelijk,"
"Clear","Legen"
"Close","Close"
"Comment text field cannot be empty.","Tekstveld Notitie mag niet leeg zijn."
"Complete","Voltooid"
"Config form fieldset clone model required to be able to clone fields","Config form fieldset clone model is verplicht om de velden te klonen"
"Configuration","Configuratie"
"Confirm New Password","Bevestig nieuw wachtwoord"
"Confirm token authorization Pop Up for admin","Confirm token authorization Pop Up for admin"
"Confirm token authorization for admin","Confirm token authorization for admin"
"Confirmation Of Authorization","Bevestig voor Authorisatie"
"Confirmed email:","Bevestigde email:"
"Connect with the Magento Community","Verbinden met de Magento Community"
"Continue","Doorgaan"
"Convert to Plain Text","Omzetten naar platte tekst"
"Cookie (unsafe)","Cookie (Onveilig)"
"Country","Land"
"Country:","Land:"
"Coupons","Kortingsbonnen"
"Create","Aanmaken"
"Create DB Backup","DB-backup aanmaken"
"Create New Attribute","Nieuw attribuut aanmaken"
"Create URL Rewrite:","URL Rewrite aanmaken:"
"Created At","Aangemaakt op"
"Credit Card %s","Credit Card %s"
"Credit Memo History","Creditfactuur geschiedenis"
"Credit Memo Totals","Totaal creditfacturen"
"Credit Memos","Creditfacturen"
"Credit memo #%s comment added","Notitie toegevoegd aan creditfactuur #%s"
"Credit memo #%s created","Creditfactuur #%s gemaakt"
"Credit memo\'s total must be positive.","Totaal van creditmemo's moet positief zijn."
"Currency","Valuta"
"Currency "%s" is used as %s in %s.","Currency "%s" is used as %s in %s."
"Currency Information","Valuta-gegevens"
"Currency Setup Section","Sectie Valuta-instellingen"
"Current Configuration Scope:","Scope huidige configuratie"
"Current Month","Huidige maand"
"Custom","Op maat"
"Custom Variable "%s"","Custom Variable "%s""
"Custom Variables","Maatwerk Variabelen"
"Customer","Klant"
"Customer Group:","Klantengroep:"
"Customer Groups","Klantgroepen"
"Customer Name","Klantnaam"
"Customer Reviews","Klantbeoordelingen"
"Customer Shopping Carts","Winkelwagens van klant"
"Customer Since:","Klant sinds:"
"Customer Tax Classes","BTW percentages van klant"
"Customer with the same email already exists.","Er is al een klant met hetzelfde e-mailadres."
"Customers","Klanten"
"Customers by Number of Orders","Klanten o.b.v. aantal bestellingen"
"Customers by Orders Total","Klanten o.b.v. orderwaarde"
"DHTML Date/Time Selector","DHTML datum/tijd-kiezer"
"Dashboard","Dashboard"
"Data Format","Gegevensformaat"
"Data transfer:","Gegevensoverdracht:"
"Database","Database"
"Dataflow - Advanced Profiles","Dataflow - Geavanceerde Profielen"
"Dataflow - Profiles","Dataflow - Profielen"
"Date","Datum"
"Date & Time","Datum & Tijd"
"Date Added","Datum toegevoegd"
"Date Updated","Datum bijgewerkt"
"Date selection:","Datumkeuze:"
"Date selector","Datumkiezer"
"Day","Dag"
"Decimal separator:","Decimaal scheidingsteken:"
"Default (Admin) Values","Standaard (Admin) waarden"
"Default Billing Address","Standaard factuuradres"
"Default Config","Standaard configuratie"
"Default Template from Locale","Standaard-template a.d.v. Lokalisatie"
"Default Values","Standaardwaarden"
"Default display currency "%s" is not available in allowed currencies.","Default display currency "%s" is not available in allowed currencies."
"Default scope","Standaard-scope"
"Delete","Verwijder"
"Delete %s","%s verwijderen"
"Delete %s '%s'","%s, %s verwijderen"
"Delete File","Verwijder bestand"
"Delete Image","Verwijder afbeelding"
"Delete Profile","Profiel verwijderen"
"Delete Role","Rol verwijderen"
"Delete Store","Verwijder winkel"
"Delete Store View","Winkelzicht verwijderen"
"Delete Template","Template verwijderen"
"Delete User","Gebruiker verwijderen"
"Delete Website","Website verwijderen"
"Description","Beschrijving"
"Design","Ontwerp"
"Design Section","Sectie Ontwerp"
"Details","Details"
"Developer Section","Sectie Ontwikkelaar"
"Direction:","Richting:"
"Disable","Uitschakelen"
"Disabled","Uitgeschakeld"
"Display %s first","%s eerst weergeven"
"Display default currency","Standaardvaluta weergeven"
"Distributed under GNU LGPL. See %s for details.","Uitgebracht onder GNU LGP licentie. Voor details zie %s."
"Do you really want to KILL parallel process and start new indexing process?","Wilt u een parallel proces echt stopzetten en opnieuw gaan indexeren?"
"Do you really want to proceed?","Wil je echt verder gaan?"
"Download","Download"
"Downloads","Downloads"
"Drag to move","Slepen om te verplaatsen"
"Drop-down","Dropdown"
"Edit","Wijzigen"
"Edit Design Change","Bewerk design"
"Edit Email Template","E-mail template bewerken"
"Edit Order","Bewerk bestelling"
"Edit Poll","Poll bewerken"
"Edit Queue","Bewerk wachtrij"
"Edit Review","Bewerk review"
"Edit Role","Rol bewerken"
"Edit Store View","Winkelzicht bewerken"
"Edit System Template","Systeem-template bewerken"
"Edit Template","Template bewerken"
"Edit URL Rewrite","Bewerk URL Rewrite"
"Edit User","Gebruiker bewerken"
"Edit User '%s'","Gebruiker '%s'"
"Edit Website","Website wijzigen"
"Email","E-mail"
"Email Address:","E-mailadres:"
"Email Preview","E-mail voorbeeld"
"Email to a Friend","E-mail naar een vriend"
"Email:","E-mail:"
"Enable","Inschakelen"
"Enabled","Ingeschakeld"
"Enclose Values In:","Voeg waarden bij in:"
"Entity Attributes","Eenheidattributen"
"Entity Type","Entiteittype"
"Entity type:","Entiteittype:"
"Error","Fout"
"Excel XML","Excel XML"
"Excl. Tax","Excl. BTW"
"Exclude media folder from backup","Sluit media map uit van back-up"
"Export","Exporteren"
"Export CSV","CSV exporteren"
"Export Filters","Filters exporteren"
"Export to:","Exporteren naar:"
"Export:","Exporteren:"
"FTP Host","FTP Host"
"FTP Host[:Port]","FTP Host[:Poort]"
"FTP Login","FTP login"
"FTP Password","FTP wachtwoord"
"FTP credentials","FTP referenties"
"Failed to add a product to cart by id "%s".","Kon product niet toevoegen aan winkelwagen "%s"."
"Failed to cancel the billing agreement.","Kon de factuurovereenkomst niet annuleren."
"Failed to clear the JavaScript/CSS cache.","Kon de JavaScript/CSS cache niet legen."
"Failed to delete the billing agreement.","Kon de factuurovereenkomst niet verwijderen."
"Failed to update the profile.","Kon het profiel niet bijwerken."
"Field","Veld"
"Field Mapping","Veldindeling"
"File","Bestand"
"File Information","Bestandsgegevens"
"File System","Bestanden Systeem"
"File mode","Bestandsmodus"
"File name:","Bestandsnaam:"
"File size should be more than 0 bytes","Bestandsgrootte zou meer dan 0 bytes moeten zijn"
"Finished profile execution.","Klaar met uitvoeren van profiel."
"First Invoice Created Date","Eerste Factuur aangemaakt op"
"First Name","Voornaam"
"First Name is required field.","Voornaam is verplicht."
"First Name:","Voornaam:"
"Fixed","Vast"
"Flush Catalog Images Cache","Flus Catalogus Afbeeldingen Cache"
"Flush JavaScript/CSS Cache","Leeg JavaScript/CSS Cache"
"For category","Voor categorie"
"For latest version visit: %s","Bezoek %s voor de laatste versie"
"For product","Voor product"
"Forgot Admin Password","Admin wachtwoord vergeten"
"Forgot your password?","Uw wachtwoord vergeten?"
"Forgot your user name or password?","Wachtwoord of gebruikersnaam vergeten?"
"From","From"
"GLOBAL","GLOBAAL"
"Gb","Gigabyte"
"General Information","Algemene Informatie"
"General Section","Seectie Algemeen"
"Get Image Base64","Base64-afbeelding ophalen"
"Get help for this page","Hulp voor deze pagina"
"Give the verifier code to application administrator","Geef de Verifier-code aan de administrator"
"Global Attribute","Globaal attribuut"
"Global Record Search","Doorzoek de hele site"
"Global Search","Overal zoeken"
"Go Today","Naar vandaag"
"Go to messages inbox","Ga naar berichten"
"Go to notifications","Ga naar meldingen"
"Google Base","Google Base"
"Google Sitemaps","Google Sitemaps"
"Grand Total","Eindtotaal"
"Grid (default) / List","Tabel (standaard) / lijst"
"Grid Only","Alleen tabel"
"Group:","Groep:"
"Guest","Gast"
"HTTP (unsecure)","HTTP (onveilig)"
"HTTPS (SSL)","HTTPS (SSL)"
"Help Us Keep Magento Healthy - Report All Bugs","Help Magento gezond te houden. Rapporteer alle bugs."
"Helper attributes should not be used in custom layout updates.","Help attributen moeten niet gebruikt worden in gebruikelijke layout updates."
"Helper for options rendering doesn't implement required interface.","Help voor optie verduidelijking implementeert gevraagde interface niet."
"Home","Home"
"ID","ID"
"ID Path","ID pad"
"IP Address","IP-adres"
"IPN (Instant Payment Notification) Only","Alleen IPN (Instant Payment Notification)"
"If there is an account associated with %s you will receive an email with a link to reset your password.","Als er een account overeenkomt met %s ontvangt u een e-mail met een link om uw wachtwoord opnieuw aan te maken."
"If this message persists, please contact the store owner.","Als deze melding blijft bestaan, neem dan contact op met de winkeleigenaar."
"Images (.gif, .jpg, .png)","Afbeeldingen (.gif, .jpg, .png)"
"Images Cache","Cache van afbeeldingen"
"Import","Importeren"
"Import Service","Service importeren"
"Import and Export","Import & Export"
"Import and Export Tax Rates","Import & Export BTW Percentages"
"Import/Export","Importeren/Exporteren"
"Import/Export Advanced","Importeren/Exporteren geavanceerd"
"Import/Export Profile","Import/Export-profiel"
"Important: ","Belangrijk:"
"Imported <strong>%s</strong> records","<strong>%s</strong> records ge&iuml;mporteerd"
"In","In"
"In Database:","In database:"
"In File:","In bestand:"
"Inactive","Inactief"
"Incl. Tax","Incl. BTW"
"Incoming Message","Bericht ontvangen"
"Insert Variable...","Variabele waarde invoegen..."
"Interactive","Interactief"
"Interface Locale: %s","Interface-lokalisatie: %s"
"Invalid Form Key. Please refresh the page.","Ongeldige formuliersleutel. Gelieve de pagina te vernieuwen."
"Invalid Import Service Specified","Ongeldige importservice opgegeven"
"Invalid POST data (please check post_max_size and upload_max_filesize settings in your php.ini file).","Ongeldige POST data (controleer de instellingen voor post_max_size en upload_max_filesize in uw php.ini bestand)"
"Invalid Secret Key. Please refresh the page.","Ongeldige geheime sleutel. Gelieve de pagina te vernieuwen."
"Invalid User Name or Password.","Ongeldige gebruikersnaam of wachtwoord."
"Invalid directory: %s","Ongeldige map: %s"
"Invalid email address "%s".","Ongeldig email adres %s"
"Invalid email address.","Ongeldig email adres"
"Invalid file: %s","Ongeldig bestand: %s"
"Invalid input data for %s => %s rate","Ongeldige invoergegevens voor %s => %s koers"
"Invalid parent block for this block","Ongeldig 'moederblok' voor dit 'blok'"
"Invalid parent block for this block.","Ongeldig 'moederblok' voor dit 'blok'"
"Invalid password reset token.","Ongeldig wachtwoord reset token."
"Invalid sender name "%s". Please use only visible characters and spaces.","Invalid sender name "%s". Please use only visible characters and spaces."
"Invalid timezone","Ongeldige tijdzone"
"Invalidated","Ongeldig"
"Inventory Stock Status","Voorraad-status"
"Invoice #%s comment added","Notitie toegevoegd aan factuur #%s"
"Invoice #%s created","Factuur #%s gemaakt"
"Invoice History","Factuur-geschiedenis"
"Invoice Totals","Factuur-totalen"
"Invoice canceling error.","Fout bij het annuleren van de factuur."
"Invoice capturing error.","Fout bij het verzamelen van de factuur."
"Invoice voiding error.","Factuurfout: ongeldig"
"Invoices","Facturen"
"Is Closed","Is gesloten"
"Issue Number","Uitgave-nummer"
"Items","Artikelen"
"JavaScript seems to be disabled in your browser.","JavaScript lijkt te zijn uitgeschakeld in uw browser."
"JavaScript/CSS","JavaScript/CSS"
"JavaScript/CSS Cache","JavaScript/CSS Cache"
"Kb","Kb"
"Last 24 Hours","Laatste 24 uur"
"Last 5 Orders","Laatste 5 bestellingen"
"Last 5 Search Terms","Laatste 5 zoektermen"
"Last 7 Days","Laatste 7 dagen"
"Last Credit Memo Created Date","Laatste creditmemo aangemaakt op"
"Last Invoice Created Date","Laatste factuur aangemaakt op"
"Last Logged In (%s):","Laatst ingelogd (%s):"
"Last Logged In:","Laatst ingelogd"
"Last Name","Achternaam"
"Last Name is required field.","Achternaam is een verplicht veld."
"Last Name:","Laatste naam:"
"Last updated: %s. To refresh last day\'s <a href="%s">statistics</a>, click <a href="%s">here</a>.","Last updated: %s. To refresh last day\'s <a href="%s">statistics</a>, click <a href="%s">here</a>."
"Latest Message:","Laatste bericht:"
"Layered Navigation Indices","Indexen van gelaagde navigatie"
"Layered Navigation Indices were refreshed.","Indices voor Gelaagde Navigatie werden vernieuwd."
"Leave empty to use tax identifier","Leeg laten om BTW-identifier te gebruiken"
"Lifetime Sales","Verkooptotaal vanaf eerste bestelling"
"Lifetime statistics have been updated.","Levensduurstatistieken werden geupdate."
"Links","Links"
"Links with associated products will retain only after saving current product.","Links met aanverwante producten worden alleen behouden na het opslaan van het huidige product."
"List (default) / Grid","Lijst (standaard) / tabel"
"List Only","Alleen lijst"
"Load Template","Template laden"
"Load default template","Standaard-template laden"
"Loading...","Bezig met laden..."
"Local Server","Lokale server"
"Local/Remote Server","Lokale/externe server"
"Locale","Lokalisatie"
"Log In","Inloggen"
"Log Out","Log uit"
"Log in to Admin Panel","Log in op het Admin Panel"
"Log in to use <strong>%s</strong>","Log in om <strong>%s</ strong> te gebruiken"
"Log into Magento Admin Page","Log in op het Admin Panel"
"Logged in as %s","Ingelogd als %s"
"Login","Inloggen"
"Low Stock","Lage voorraad"
"MAJOR","MAJOR"
"MINOR","MINOR"
"MS Excel XML","MS Excel XML"
"Magento Admin","Magento Site-beheer"
"Magento Commerce - Administrative Panel","Magento Commerce – Site-beheer"
"Magento Connect","Magento Connect"
"Magento Connect Manager","Magento ConnectManager"
"Magento Logo","Magento Logo"
"Magento is a trademark of Magento Inc. Copyright &copy; %s Magento Inc.","Magento is een geregistreerd handelsmerk van Magento Inc. Copyright © %s Magento Inc."
"Magento root directory","Magento root directorie"
"Magento ver. %s","Magento versie %s"
"Magento&trade; is a trademark of Magento Inc.<br/>Copyright &copy; %s Magento Inc.","Magento&trade; is een geregistreerd merk van Magento Inc.<br/>Copyright &copy; %s Magento Inc."
"Make sure that data encoding in the file is consistent and saved in one of supported encodings (UTF-8 or ANSI).","Zorg dat de gegevensversleuteling in het bestand consistent is en opgeslagen is in één van de de ondersteunde versleutelcriteria (UTF-8 of ANSI)."
"Manage Attribute Sets","Beheer Attribuutsets"
"Manage Attributes","Beheer Attributen"
"Manage Categories","Beheer Categorieën"
"Manage Content","Beheer Content"
"Manage Currency Rates","Beheer wisselkoersen"
"Manage Customers","Beheer klanten"
"Manage Ratings","Beheer ratings"
"Manage Stores","Beheer winkels"
"Manage Tax Rules","Beheer BTW Regels"
"Manage Tax Zones and Rates","Beheer BTW Zones en Percentages"
"Manual","Handmatig"
"Matched Expression","Overeenkomende uitdrukking"
"Mb","Mb"
"Media (.avi, .flv, .swf)","Media (.avi, .flv, .swf)"
"Media storages synchronization has completed!","Mediageheugen synchronisatie voltooid!"
"Messages Inbox","Berichten Inbox"
"Month","Maand"
"Most Viewed","Meest bekeken"
"Most Viewed Products","Meest bekeken producten"
"Multiple Select","Meervoudige selectie"
"My Account","Mijn account"
"My Applications","Mijn toepassing"
"N/A","N/B"
"NOTICE","NOTICE"
"Name","Naam"
"Name:","Naam:"
"Never (production)","Nooit (productie)"
"New ","Nieuw"
"New API Key","Nieuwe Api key"
"New Accounts","Nieuwe accounts:"
"New Attribute","Nieuw Attribuut"
"New Block","Nieuw Block"
"New Category","Nieuwe Categorie"
"New Class","Nieuwe class"
"New Condition","Nieuwe voorwaarde"
"New Custom Variable","Nieuwe maatwerk variabele"
"New Customer","Nieuwe klant"
"New Customers","Nieuwe klanten"
"New Design Change","Nieuwe design verandering"
"New Email Template","Nieuwe e-mail template"
"New Group","Nieuwe groep"
"New Invoice","Nieuwe factuur"
"New Item Type","Nieuw artikeltype"
"New Memo","Nieuwe memo"
"New Memo for #%s","Nieuwe memo voor #%s"
"New Page","Nieuwe Pagina"
"New Password","Nieuw wachtwoord"
"New Poll","Nieuwe Poll"
"New Profile","Nieuw profiel"
"New Rate","Nieuwe Beoordeling"
"New Rating","Nieuwe Beoordeling"
"New Review","Nieuwe Review"
"New Role","Nieuwe Rol"
"New Rule","Nieuwe regel"
"New Search","Nieuwe zoekopdracht"
"New Set","Nieuwe set"
"New Shipment","Nieuwe zending"
"New Sitemap","Nieuwe sitemap"
"New Store View","Nieuw winkelzicht"
"New System Template","Nieuw systeem-template"
"New Tag","Nieuwe tag"
"New Template","Nieuw template"
"New User","Nieuwe gebruiker"
"New Variable","Nieuwe variabele"
"New Website","Nieuwe website"
"New password field cannot be empty.","Nieuw wachtwoord veld kan niet leeg zijn."
"Newsletter","Nieuwsbrief"
"Newsletter Problems","Nieuwsbrief problemen"
"Newsletter Queue","Nieuwsbrief wachtrij"
"Newsletter Subscribers","Nieuwsbrief abonnees"
"Newsletter Templates","Nieuwsbrief templates"
"Next month (hold for menu)","Volgende maand (vasthouden voor menu0"
"Next year (hold for menu)","Volgende jaar (vasthouden voor menu)"
"No","Nee"
"No (price without tax)","Nee (prijs excl. BTW)"
"No Data Found","Geen gegevens gevonden"
"No Templates Found","Geen templates gevonden"
"No change","Geen wijziging"
"No customer id defined.","Geen klant identificatie."
"No information available.","Geen informatie beschikbaar"
"No profile loaded...","Geen profiel geladen..."
"No records found for this period.","Geen records gevonden voor deze periode."
"No records found.","Geen records gevonden."
"No report code specified.","Geen rapportcode gespecificeerd."
"No search keywords.","Geen zoektermen."
"No search modules were registered","Er zijn geen zoekmodules geregistreerd."
"No wishlist item id defined.","Geen verlanglijst identificatie."
"None","Geen"
"Note:","Notitie:"
"Notes","Notities"
"Notifications","Notificaties"
"Number of Orders","Aantal bestellingen"
"Number of Uses","Aantal keer gebruikt"
"Number of Views","Aantal keer bekeken"
"Number of records:","Aantal records:"
"OAuth Consumers","OAuth Consumenten"
"OAuth authorization for admin","OAuth vergunning voor admin"
"OAuth authorization simple for admin","OAuth toestemming eenvoudig voor admin"
"OK","OKE"
"Old rate:","Oude koers:"
"Once you log into your PayPal Advanced account, navigate to the Service Settings - Hosted Checkout Pages - Set Up menu and set the options described below","Once you log into your PayPal Advanced account, navigate to the Service Settings - Hosted Checkout Pages - Set Up menu and set the options described below"
"Once you log into your PayPal Payflow Link account, navigate to the Service Settings - Hosted Checkout Pages - Set Up menu and set the options described below","Once you log into your PayPal Payflow Link account, navigate to the Service Settings - Hosted Checkout Pages - Set Up menu and set the options described below"
"One or more media files failed to be synchronized during the media storages syncronization process. Refer to the log file for details.","Eén of meer mediabestanden zijn niet gesynchroniseerd tijdens het mediageheugen synchronisatieproces. Ga naar het logbestand voor details."
"One or more of the Cache Types are invalidated:","Eén of meer Cache Types zijn ongeldig:"
"Online Customers","Online klanten"
"Only Once (version upgrade)","Slechts eenmaal (versie upgrade)"
"Only attributes with scope "Global", input type "Dropdown" and Use To Create Configurable Product "Yes" are available.","Only attributes with scope "Global", input type "Dropdown" and Use To Create Configurable Product "Yes" are available."
"Only mapped fields","Alleen aangegeven velden"
"Optional","Optioneel"
"Options","Opties"
"Order","Bestelling"
"Order #%s","Bestelling #%s"
"Order #%s (%s)","Bestelling #%s (%s)"
"Order Created Date","Orderdatum"
"Order ID","Ordernummer"
"Order Totals","Bestelling totalen"
"Order Updated Date","Order geupdate op"
"Order Updated Date report is real-time, does not need statistics refreshing.","Rapport voor datum van orderupdate is real-time. Statistieken hoeven niet vernieuwd te worden."
"Orders","Bestellingen"
"Original Magento attribute names in first row:","Originele Magento attribuut-namen in eerste rij:"
"Out of stock","Uit voorraad"
"PDT (Payment Data Transfer) Only","Uitsluitend PDT (Payment Data Transfer)"
"Package Extensions","Pakket-extensies"
"Pages","Pagina's"
"Parent Product Thumbnail","Miniatuur van het hoofdproduct"
"Parent Transaction ID","ID van moedertransactie."
"Passive mode","Passieve mode"
"Password","Wachtwoord"
"Password Confirmation","Bevestig wachtwoord"
"Password confirmation must be same as password.","Wachtwoorden moeten identiek zijn."
"Password must be at least of %d characters.","Wachtwoorden moeten tenminste %d tekens bevatten."
"Password must include both numeric and alphabetic characters.","Wachtwoorden moet zowel numeriek als alfanumerieke tekens bevatten."
"Password:","Wachtwoord:"
"Path:","Pad:"
"Payment method instance is not available.","Betaalmethode is niet beschikbaar."
"Payment method is not available.","Betaalmethode is niet beschikbaar."
"Payment method must be specified.","Betaalmethode is niet opgegeven."
"Pending Reviews","Wachtende beoordelingen"
"Pending Tags","Hangende tags"
"Per Item","Per artikel"
"Per Order","Per bestelling"
"Percent","Percentage"
"Performed At","Uitgevoerd op"
"Period","Periode"
"Permanent (301)","Permanent (301)"
"Permissions","Rechten"
"Personal Information","Persoonlijke gegevens"
"Phone:","Telefoonnummer:"
"Please Select","Maak een keuze"
"Please confirm site switching. All data that hasn\'t been saved will be lost.","Bevestig a.u.b. site switching. Alle data die niet zijn opgeslagen, zullen verdwijnen."
"Please enter 6 or more characters.","Geef meer dan 6 tekens op a.u.b."
"Please enter a number greater than 0 in this field.","Geef a.u.b. een getal groter dan 0 op in dit veld"
"Please enter a valid $ amount. For example $100.00.","Voer een geldig &euro; bedrag op. Bijvoorbeeld: &euro; 100.00."
"Please enter a valid URL. For example http://www.example.com or www.example.com","Geef een geldige URL op. Bijvoorbeeld http://www.example.com of www.example.com."
"Please enter a valid URL. http:// is required","Geef een geldige URL op. http:// is noodzakelijk"
"Please enter a valid credit card number.","Geef een geldig creditcard-nummer op a.u.b."
"Please enter a valid date.","Geef een geldige datum op a.u.b."
"Please enter a valid email address. For example johndoe@domain.com.","Geef een geldig e-mailadres op a.u.b. Bijvoorbeeld: iemand@domein.nl."
"Please enter a valid email.","Vul een geldig e-mailadres in"
"Please enter a valid number in this field.","Geef een geldig getal op in dit veld."
"Please enter a valid phone number. For example (123) 456-7890 or 123-456-7890.","Geef een geldig telefoonnummer op. Bijvoorbeeld (123) 456-7889 of 123-456-7890"
"Please enter a valid social security number. For example 123-45-6789.","Geef een geldig burger-service-nummer op a.u.b. Bijvoorbeeld 123-45-6789."
"Please enter a valid value from list","Geef een geldige waarde op uit de lijst"
"Please enter a valid value, ex: 10,20,30","Geef een geldige waarde op, bijv.: 10,20,30"
"Please enter a valid zip code.","Geef een geldige postcode op."
"Please enter a valid zip code. For example 90602 or 90602-1234.","Voer een geldige postcode in a.u.b. Bijvoorbeeld: 2900 of 6621BK"
"Please enter another credit card number to complete your purchase.","Voer alstublieft een ander creditcardnummer in om uw aankoop te voltooien."
"Please enter password","Vul wachtwoord in"
"Please enter password to confirm rollback.","Vul wachtwoord in om terugdraaien te bevestigen."
"Please enter valid password.","Voer een geldig wachtwoord in a.u.b."
"Please make sure that all global admin search modules are installed and activated.","Zorg er voor a.u.b dat alle globale admin-zoekmodules zijn geïnstalleerd en geactiveerd a.u.b."
"Please make sure that your changes were saved before running the profile.","Zorg er voor dat alle wijzigingen zijn opgeslagen voordat u het profiel uitvoert"
"Please make sure your passwords match.","Zorg er voor dat de wachtwoorden overeenkomen"
"Please select State/Province.","Selecteer een provincie a.u.b"
"Please select a customer.","Selecteer een klant"
"Please select a store.","Selecteer een webwinkel."
"Please select an option.","Selecteer een optie a.u.b."
"Please select catalog searches.","Selecteer een catalogus zoekopdracht."
"Please select customer(s).","Selecteer klant(en)."
"Please select message(s).","Selecteer alstublieft boodschap(pen)."
"Please select one of the above options.","Selecteer &eacute;&eacute;;n van de hierboven genoemde opties a.u.b.."
"Please select one of the options.","Selecteer &eacute;&eacute;n van de opties a.u.b.."
"Please select review(s).","Selecteer beoordeling(en)"
"Please select tag(s).","Selecteer tag(s)"
"Please specify backup creation options","Geef back-up opties voor het maken"
"Please specify the admin custom URL.","Geef een eigen admin-URL op"
"Please try to logout and sign in again.","Probeer uit te loggen en weer aan te melden."
"Please type the letters from the image:","Voer de letters in van de afbeelding: "
"Please use in this field only "a-z,0-9,_".","Please use in this field only "a-z,0-9,_"."
"Please use letters only (a-z) in this field.","Gebruik uitsluitend letters (a-z) in dit veld."
"Please use numbers only in this field. Please avoid spaces or other characters such as dots or commas.","Gebruik alleen getallen in dit veld. Vermijd spaties of andere tekens zoals punten of komma's."
"Please use only letters (a-z or A-Z), numbers (0-9) or spaces in this field.","Gebruik alleen letters (AZ of az), cijfers (0-9) of spaties in dit veld."
"Please use only letters (a-z) or numbers (0-9) only in this field. No spaces or other characters are allowed.","Gebruik alleen letters (a-z) of getallen (0-9) in dit veld. Spaties en andere tekens zijn niet toegestaan"
"Please use only letters (a-z) or numbers (0-9) or spaces and # only in this field.","Gebruik alleen letters (a-z), getallen (0-9), spaties of # in dit veld."
"Please use this date format: dd/mm/yyyy. For example 17/03/2006 for the 17th of March, 2006.","Gebruik dd/mm/jjjj als datum-formaat. Bijvoorbeeld 17/03/2006 voor 17 maart 2006."
"Please wait while the indexes are being refreshed.","Een moment geduld terwijl de indices vernieuwd worden."
"Please wait, loading...","Wacht a.u.b. Bezig met laden..."
"Please wait...","Wacht a.u.b..."
"Please, add some answers to this poll first.","Voeg eerst een paar antwoorden voor deze poll toe a.u.b."
"Please, select "Visible in Stores" for this poll first.","Please, select "Visible in Stores" for this poll first."
"Poll Manager","Beheer poll"
"Polls","Polls"
"Popular","Populair"
"Position of Watermark for %s","Positie van watermerk voor %s"
"Pregenerated product images files.","Automatisch gegenereerde productafbeeldingen."
"Prev. month (hold for menu)","Maand terug (vasthouden=menu)"
"Prev. year (hold for menu)","Jaar terug (vasthouden=menu)"
"Preview","Voorbeeld"
"Preview Template","Template vooraf bekijken"
"Price","Prijs"
"Price alert subscription was saved.","De inschrijving voor Prijsalert werd opgeslagen."
"Price:","Prijs:"
"Processed <strong>%s%% %s/%d</strong> records","<strong>%s%% %s/%d</strong> records verwerkt."
"Product","Product"
"Product Name","Productnaam"
"Product Reviews","Productbeoordelingen"
"Product Tax Classes","Product Belasting Klassen"
"Product Thumbnail Itself","Miniatuur van het product zelf"
"Product is not loaded.","Product is niet geladen."
"Product:","Product"
"Products","Producten"
"Products Bestsellers Report","Rapportage bestsellers"
"Products Most Viewed Report","Meest bekeken Producten Report"
"Products Ordered","Producten besteld"
"Products in Carts","Producten in winkelwagen"
"Profile Action","Profiel actie"
"Profile Actions XML","Profiel acties XML"
"Profile Direction","Profiel richting"
"Profile History","Profiel geschiedenis"
"Profile Information","Profiel informatie"
"Profile Name","Profiel naam"
"Profile Payments","Profiel betalingen"
"Profile Schedule","Profiel planning"
"Profile Wizard","Profiel wizard"
"Profiles","Profielen"
"Promo","Promotie"
"Promotions","Promoties"
"Purchased Item","Aangeschafte producten"
"Put store on the maintenance mode while backup creation","Zet winkel in de onderhoud modus, terwijl back-ups worden gemaakt"
"Put store on the maintenance mode while rollback processing","Zet Winkel in maintainance mode tijdens rollback Proces"
"Quantity","Aantal"
"Queue Refresh","Wachtrij vernieuwen"
"Queued... Cancel","In de wachtrij... Annuleren"
"REST Roles","REST Rollen"
"Radio Buttons","Radio buttons"
"Rates","Waardering"
"Read details","Lees details"
"Rebuild","Herindexeren"
"Rebuild Catalog Index","Herbouw catalogus index"
"Rebuild Flat Catalog Category","Herbouw productcatalogus"
"Rebuild Flat Catalog Product","Herbouw productcatalogus"
"Recent Orders","Recente orders"
"Recent statistics have been updated.","Recente statistieken zijn vernieuwd"
"Recurring Profile View","Abonnementen overzicht"
"Recursive Dir","Recursieve dir"
"Redirect","Doorsturen"
"Reference","Referentie"
"Reference ID","Referentie ID"
"Refresh","Vernieuwen"
"Refresh Now*","Nu herindexeren*"
"Refresh Statistics","Vernieuw statistieken"
"Region/State","Provincie"
"Regular Price:","Normale prijs:"
"Reject","Afkeuren"
"Reject token authorization Pop Up for admin","Reject token authorization Pop Up for admin"
"Reject token authorization for admin","Reject token authorization for admin"
"Rejection Of Authorization","Rejection Of Authorization"
"Release","Publiceren"
"Release Stability","Publicatie stabiliteit"
"Release Version","Publicatie versie"
"Reload captcha","Vernieuw captcha"
"Remote FTP","Extern FTP"
"Remove","Verwijderen"
"Reports","Rapporten"
"Request Path","Gevraagd Pad"
"Required","Verplicht"
"Reset","Herstellen"
"Reset Filter","Reset filter"
"Reset Password","Wachtwoord opnieuw instellen"
"Reset a Password","Vernieuw een wachtwoord"
"Resize","Grootte aanpassen"
"Resource Access","Toegang tot bron"
"Resources","Bronnen"
"Results","Resultaten"
"Retrieve Password","Wachtwoord opvragen"
"Return Html Version","Geef HTML-versie terug"
"Revenue","Inkomsten"
"Reviews","Beoordelen"
"Reviews and Ratings","Beoordelingen en waarderingen"
"Rewrite Rules","Rewrite regels"
"Role ID","Rol ID"
"Role Info","Rol info"
"Role Information","Rol informatie"
"Role Name","Rol naam"
"Role Resources","Rol bronnen"
"Role Users","Rol gebruikers"
"Roles","Rollen"
"Roles Resources","Rollen bronnen"
"Rotate CCW","CCW draaien"
"Rotate CW","CW draaien"
"Run","Uitvoeren"
"Run Profile","Profiel uitvoeren"
"Run Profile Inside This Window","Profiel uitvoeren in dit venster"
"Run Profile in Popup","Profiel uitvoeren in pop-up venster"
"Running... Kill","Running... Stop"
"SKU","Artikelnummer"
"SKU:","Artikelnummer:"
"SSL Error: Invalid or self-signed certificate","SSL fout: Ongeldige of self-signed certificaat"
"Sales","Verkoop"
"Sales Report","Verkooprapport"
"Samples","Demo's"
"Save","Opslaan"
"Save & Generate","Opslaan & genereren"
"Save Account","Account opslaan"
"Save Cache Settings","Cache-instellingen opslaan"
"Save Config","Configuratie opslaan"
"Save Currency Rates","Wisselkoersen opslaan"
"Save Profile","Profiel opslaan"
"Save Role","Rol opslaan"
"Save Template","Template opslaan"
"Save User","Gebruiker opslaan"
"Save and Continue Edit","Opslaan en verder bewerken"
"Search","Zoeken"
"Search Index","Zoekindex"
"Search Term","Zoekterm"
"Search Terms","Zoektermen"
"Select","Selecteren"
"Select All","Alles selecteren"
"Select Category","Categorie selecteren"
"Select Date","Select Date"
"Select Range","Selecteer bereik op"
"Select date","Datum selecteren"
"Selected allowed currency "%s" is not available in installed currencies.","Gekozen Valuta is niet beschikbaar/geinstallerd %s"
"Selected base currency is not available in installed currencies.","Geselecteerde basis-valuta is niet beschikbaar in de geïnstalleerde valuta"
"Selected default display currency is not available in allowed currencies.","Geselecteerde basis-valuta is niet beschikbaar in de geïnstalleerde valuta"
"Selected default display currency is not available in installed currencies.","Geselecteerde basis-valuta is niet beschikbaar in de geïnstalleerde valuta"
"Self-assigned roles cannot be deleted.","Zelf toegeschreven rollen kunnen niet worden verwijderd."
"Sender","Afzender"
"Separate Email","Afzonderlijke e-mail"
"Shipment #%s comment added","Notitie toegevoegd aan levering #%s"
"Shipment #%s created","Levering #%s aangemaakt"
"Shipment Comments","Notities verzending"
"Shipment History","Levering Geschiedenis"
"Shipments","Zendingen"
"Shipping","Verzending"
"Shipping Address","Afleveradres"
"Shipping Address: ","Verzendadres:"
"Shipping Origin","Plaats van verzending"
"Shipping Price","Verzendkosten"
"Shipping address selection is not applicable","Keuze van afleveradres is niet toepasbaar"
"Shipping method must be specified.","Verzendmethode moet worden aangegeven"
"Shipping method selection is not applicable","Gekozen verzendmethode is niet toepasbaar"
"Shopping Cart","Winkelwagen"
"Shopping Cart Price Rules","Winkelwagen prijsregels"
"Shopping Cart from %s","Winkelwagen van %s"
"Show By","Tonen op"
"Show Report For:","Toon Rapport voor:"
"Show Reviews","Beoordelingen tonen"
"Sitemap Information","Sitemap-informatie"
"Size for %s","Grootte voor %s"
"Skip Category Selection","Categorieselectie overslaan"
"Some items in this order have different invoice and shipment types. You can create shipment only after the invoice is created.","Sommige bestelde producten hebben afwijkende factuur- en verzendgegevens. U kunt pas een zending aanmaken nadat u heeft gefactureerd."
"Some of the ordered items do not exist in the catalog anymore and will be removed if you try to edit the order.","Sommige bestelde producten hebben afwijkende factuur- en verzendgegevens. U kunt pas een zending aanmaken nadat u heeft gefactureerd."
"Sorry, this feature is coming soon...","Sorry, deze functie komt spoedig..."
"Special Price:","Speciale prijs:"
"Specific Countries","Bepaalde landen"
"Specified","Gespecificeerd"
"Specified profile does not exist.","Specifiek profiel bestaat niet."
"Spreadsheet Name:","Spreadsheetnaam:"
"Start Date","Begindatum"
"Starting profile execution, please wait...","Begin uitvoeren van profiel, wacht a.u.b..."
"State/Province:","Provincie:"
"Static Blocks","Statische blokken"
"Status","Status"
"Status:","Status"
"Stock Quantity:","Voorraadhoeveelheid:"
"Stock notification was saved.","Voorraadbericht is met succes opgeslagen"
"Store","Winkel"
"Store Email Addresses Section","Sectie E-mailadressen van winkel"
"Store View","Winkelzicht"
"Store:","Winkel:"
"Stores","Winkels"
"Subject","Onderwerp"
"Submit","Verstuur"
"Subpackage cannot be conflicting.","Subpakket mag niet conflicteren"
"Subtotal","Subtotaal"
"Switch/Solo/Maestro Only","Alleen Switch/Solo/Maestro"
"Symbol","Symbool"
"Synchronization is required.","Synchronisatie is vereist"
"Synchronization of media storages has been successfully completed.","Synchronisatie van mediaopslag is succesvol voltooid."
"Synchronize","Synchroniseer"
"Synchronizing %s to %s","Aan het synchroniseren van %s tot s%"
"Synchronizing...","Aan het synchroniseren..."
"System","Systeem"
"System Section","Sectie Systeem"
"System busy","Systeem bezig"
"Tags","Labels"
"Target Path","Doelpad"
"Tax","BTW"
"Tb","Tb"
"Template","Sjabloon"
"Template Content","Template inhoud"
"Template Information","Template informatie"
"Template Name","Template naam"
"Template Styles","Template Styles"
"Template Subject","Template onderwerp"
"Template Type","Template soort"
"Temporary (302)","Tijdelijk (302)"
"Terms and Conditions","Algemene Voorwaarden"
"Text","Tekst"
"The Catalog Rewrites were refreshed.","De catalogus-rewrites werden vernieuwd."
"The CatalogInventory Stock Status has been rebuilt.","De voorraadstatus van CatalogInventory is opnieuw gegenereerd."
"The Comment Text field cannot be empty.","Het berichtveld kan niet leeg worden gelaten."
"The Flat Catalog Product was rebuilt","De platte cataloguscategorie werd opnieuw gegenereerd."
"The JavaScript/CSS cache has been cleaned.","Het JavaScript/CSS cachegeheugen werd opgeschoond."
"The JavaScript/CSS cache has been cleared.","Het JavaScript/CSS cachegeheugen werd verwijderd."
"The Layered Navigation indexing has been queued.","De indexering van gelaagde navigatie werd in de wachtrij geplaatst."
"The Layered Navigation indexing queue has been canceled.","De wachtrij voor indexering van de gelaagde navigatie werd geannuleerd."
"The Layered Navigation indices were refreshed.","De indices voor gelaagde navigatie werden vernieuwd."
"The Layered Navigation process has been queued to be killed.","Het gelaagde navigatie-proces werd in de wachtrij geplaatst voor vernietiging."
"The Magento cache storage has been flushed.","Het Magento cachegeheugen is opgeschoond."
"The URL Rewrite has been deleted.","De URL Rewrite is verwijderd."
"The URL Rewrite has been saved.","De URL Rewrite is opgeslagen."
"The account has been saved.","Het account is opgeslagen"
"The archive can be uncompressed with <a href="%s">%s</a> on Windows systems","The archive can be uncompressed with <a href="%s">%s</a> on Windows systems"
"The attribute set has been removed.","De attribuutset is verwijderd"
"The backup's creation process will take time.","Backuppen duurt wel een tijdje"
"The billing agreement has been canceled.","De factuurovereenkomst is geannuleerd."
"The billing agreement has been deleted.","De factuurovereenkomst is verwijderd."
"The cache storage has been flushed.","Het cachegeheugen is geleegd."
"The carrier needs to be specified.","De vervoerder dient gespecificeerd te worden."
"The catalog index has been rebuilt.","De catalogusindex is opnieuw gegenereerd."
"The catalog rewrites have been refreshed.","De catalogus-rewrites zijn vernieuwd."
"The configuration has been saved.","De configuratie is opgeslagen."
"The credit memo has been canceled.","De creditmemo is geannuleeerd."
"The credit memo has been created.","De creditmemo is aangemaakt."
"The credit memo has been voided.","De creditmemo is afgewezen."
"The custom variable has been deleted.","De aangepaste variabele is verwijderd."
"The custom variable has been saved.","De aangepaste variabele is opgeslagen."
"The customer has been deleted.","De klant is verwijderd."
"The customer has been saved.","De klant is opgeslagen."
"The design change has been deleted.","De vormgevingswijziging is verwijderd."
"The design change has been saved.","De vormgevingswijziging is opgeslagen."
"The email address is empty.","Het e-mailadres is leeg."
"The email template has been deleted.","De e-mailtemplate is verwijderd."
"The email template has been saved.","De e-mailtemplate is opgeslagen."
"The flat catalog category has been rebuilt.","De platte cataloguscategorie is opnieuw gegenereerd."
"The group node name must be specified with field node name.","De groepsnaam moet worden gespecificeerd met een gekoppelde veldnaam."
"The image cache was cleaned.","Het afbeeldingscachegeheugen werd opgeschoond."
"The image cache was cleared.","Het afbeeldingscachegeheugen werd verwijderd."
"The invoice and shipment have been created.","De factuur en verzending zijn aangemaakt."
"The invoice and the shipment  have been created. The shipping label cannot be created at the moment.","De factuur en de verzending is gemaakt. De verzendlavel kan nu niet worden gemaakt."
"The invoice has been canceled.","De factuur is geannuleerd"
"The invoice has been captured.","De factuur is samengesteld"
"The invoice has been created.","De factuur is aangemaakt"
"The invoice has been voided.","De factuur is ongeldig"
"The invoice no longer exists.","De factuur bestaat niet langer."
"The item %s (SKU %s) does not exist in the catalog anymore.","Het item %s (SKU %s) bestaat niet meer in de catalogus."
"The order does not allow creating an invoice.","Bij deze bestelling kan geen factuur gemaakt worden"
"The order no longer exists.","De order bestaat niet langer."
"The poll has been deleted.","De poll is verwijderd."
"The poll has been saved.","De poll is opgeslagen."
"The profile has been deleted.","Het profiel is verwijderd."
"The profile has been saved.","Het profiel is opgeslagen."
"The profile has been updated.","Het profiel is bijgewerkt."
"The profile has no changes.","Het profiel is niet aangepast."
"The profile you are trying to save no longer exists","Het profiel dat u probeert op te slaan bestaat niet meer"
"The rating has been deleted.","De waardering is verwijderd."
"The rating has been saved.","De waardering is opgeslagen."
"The role has been deleted.","De rol is verwijderd."
"The role has been saved.","De rol is opgeslagen."
"The role has been successfully saved.","De rol is opgeslagen."
"The search index has been rebuilt.","De zoekindex werd opnieuw gegenereerd."
"The shipment has been created.","De verzending werd aangemaakt."
"The shipment has been sent.","De verzending werd verzonden."
"The shipping label has been created.","De verzendkosten label is gemaakt."
"The tag has been deleted.","Het label is verwijderd."
"The tag has been saved.","Het label is verwijderd."
"The transaction details have been updated.","De transactie details zijn bijgewerkt."
"The user has been deleted.","De gebruiker is verwijderd."
"The user has been saved.","De gebruiker is opgeslagen."
"Themes JavaScript and CSS files combined to one file.","De JavaScript- en CSS-bestanden van het thema werden samengevoegd tot één bestand."
"There is an error in one of the option rows.","Er is een fout opgetreden in één van de optierijen."
"This Account is","Dit account is"
"This Email template no longer exists.","Deze e-mailtemplate bestaat niet meer."
"This Role no longer exists","Deze rol bestaat niet meer."
"This Role no longer exists.","Deze rol bestaat niet meer."
"This account is","Dit account is"
"This account is inactive.","Dit account is niet actief."
"This action cannot be undone.","Deze actie kan niet ongedaan gemaakt worden."
"This attribute set does not have attributes which we can use for configurable product","Deze attributenenset heeft geen attributen die we kunnen gebruiken voor een configureerbaar product."
"This attribute shares the same value in all the stores","Dit attribuut heeft dezelfde waarde in alle winkels"
"This is a demo store. Any orders placed through this store will not be honored or fulfilled.","Dit is een demowinkel. Geen van de, in deze winkel, geplaatste orders zal in behandeling worden genomen."
"This is a required field.","Dit is een verplicht veld."
"This product is currently disabled.","Dit product is momenteel geblokkeerd."
"This report depends on timezone configuration. Once timezone is changed, the lifetime statistics need to be refreshed.","Dit rapport is afhankelijk van de tijdzondeconfiguratie. Wanneer de tijdzone is gewijzigd dienen de levensduurstatistieken vernieuwd te worden."
"This section is not allowed.","Deze sectie is niet toeganglijk."
"This user no longer exists.","Deze gebruiker bestaat niet meer."
"Time","Tijd"
"Time selection:","Tijdkeuze:"
"Time:","Tijd"
"Timeout limit for response from synchronize process was reached.","Timeout limiet voor respons van synchroniseerproces is bereikt."
"To","To"
"To cancel pending authorizations and release amounts that have already been processed during this payment, click Cancel.","Om wachtende autorisaties te annuleren en bedragen vrij te geven die tijdens deze betaling zijn verwerkt, druk op Annuleer."
"To use PayPal Payflow Link, you must configure your PayPal Payflow Link account on the PayPal website.","To use PayPal Payflow Link, you must configure your PayPal Payflow Link account on the PayPal website."
"To use PayPal Payments Advanced, you must configure  your PayPal Payments Advanced account on the PayPal website.","To use PayPal Payments Advanced, you must configure  your PayPal Payments Advanced account on the PayPal website."
"Toggle Editor","Editor gebruiken"
"Tools","Hulpmiddelen"
"Top 5 Search Terms","Top 5 zoektermen"
"Total","Totaal"
"Total Invoiced","Totaal gefactureerd"
"Total Order Amount","Totaal orderbedrag"
"Total Refunded","Totaal teruggestort"
"Total of %d record(s) have been deleted.","In totaal is/zijn er %s record(s) met succes verwijderd"
"Total of %d record(s) have been updated.","In totaal is/zijn er %s record(s) met succes bijgewerkt"
"Total of %d record(s) were canceled.","Totaal van %d record(s) zijn geannuleerd."
"Total of %d record(s) were deleted","Totaal van %d record(s) zijn verwijderd"
"Total of %d record(s) were deleted.","Totaal van %d record(s) zijn verwijderd."
"Total of %d record(s) were updated","Totaal van %d record(s) zijn bijgewerkt"
"Total of %d record(s) were updated.","Totaal van %d record(s) zijn bijgewerkt."
"Track Order","Volg bestelling"
"Track this shipment","Volg deze verzending"
"Tracking number %s for %s assigned","Volgnummer %s voor %s is toegewezen"
"Tracking number cannot be empty.","Het opvolgnummer kan niet leeg zijn."
"Transaction Data","Transactiedatum"
"Transaction Details","Transactiedetails"
"Transaction ID","Transactie-ID"
"Transaction Type","Transactietype"
"Transactional Emails","Transactionele e-mails"
"Transactions","Transacties"
"Try Magento Go for Free","Probeer Magento Go gratis"
"Type","Type"
"Type:","Type:"
"URL Rewrite","URL Rewrite"
"URL Rewrite Information","URL Rewrite informatie"
"URL Rewrite Management","Beheer URL-rewrites"
"Unable to cancel the credit memo.","De creditmemo kon niet geannuleerd worden."
"Unable to find a Email Template to delete.","Er kon geen e-mailtemplate gevonden worden die verwijderd kon worden."
"Unable to find a poll to delete.","Kan geen poll vinden om te verwijderen"
"Unable to find a tag to delete.","Kan geen label vinden om te verwijderen"
"Unable to find a user to delete.","Kan geen gebruiker vinden om te verwijderen"
"Unable to initialize import model","Kan geen import-model initialiseren"
"Unable to refresh lifetime statistics.","Kan statistieken voor gehele levensduur niet vernieuwen"
"Unable to refresh recent statistics.","Kan recente statistieken niet vernieuwen"
"Unable to save the cron expression.","Kan Cron-expressie niet opslaan"
"Unable to save the invoice.","Kan de factuur niet opslaan"
"Unable to send the invoice email.","Kan de factuur niet e-mailen"
"Unable to send the shipment email.","Kan de zending niet e-mailen"
"Unable to update transaction details.","Niet in staat om transactiegegevens te werken."
"Unable to void the credit memo.","Kan de creditfactuur niet verwijderen"
"Unknown","Onbekend"
"Unlimited","Onbeperkt"
"Update","Update"
"Updated At","Laatste wijziging"
"Upload File","Bestand uploaden"
"Upload Files","Bestanden uploaden"
"Upload HTTP Error","Upload HTTP fout"
"Upload I/O Error","Upload I/O fout"
"Upload Security Error","Upload veiligheidsfout"
"Upload import file","Importbestand uploaden"
"Uploaded file is larger than %.2f kilobytes allowed by server","Geupload bestand is groter dan %.2f kilobytes toegestaan ​​door de server"
"Use All Available Attributes","Gebruik alle beschikbare attributen"
"Use Config Settings","Gebruik configuratie instellingen"
"Use Default","Standaard gebruiken"
"Use Default Value","Standaardwaarden gebruiken"
"Use Default Variable Values","Standaardwaarden gebruiken"
"Use FTP Connection","Gebruik FTP-verbinding"
"Use Website","Website gebruiken"
"Used Currently For","Momenteel gebruikt voor"
"Used as Default For","Gebruikt als standaard voor"
"User Email","E-mail van gebruiker"
"User ID","Gebruiker-ID"
"User Info","Gebruikerinfo"
"User Information","Gebruikergegevens"
"User Name","Gebruikersnaam"
"User Name is required field.","Gebruikersnaam is verplicht"
"User Name:","Gebruikersnaam:"
"User Password","Gebruiker Wachtwoord"
"User Role","Rol van gebruiker"
"User Roles","Rollen van gebruiker"
"User Roles Information","Rolgegevens gebruiker"
"User Type Resources","User Type Resources"
"User name","Gebruikersnaam"
"Users","Gebruikers"
"VAT Number is Invalid","BTW-nummer is ongeldig"
"VAT Number is Valid","BTW-nummer is geldig"
"Validation Results","Validatie Resultaten"
"Value","Waarde"
"Value Delimiter:","Waarde-scheidingsteken:"
"Variable","Variabele"
"Variable Code","Variabele Code"
"Variable HTML Value","Variabele HTML-waarde"
"Variable ID","Variabele ID"
"Variable Name","Variabele Naam"
"Variable Plain Value","Variabele Vlakke Waarde"
"Verifier code: %s","Verifier code: %s"
"View Actions XML","Bekijk acties XML"
"View Full Size","Bekijk op ware grootte"
"View Memo","Bekijk bericht"
"View Memo for #%s","Bekijk bericht voor #%s"
"View Shipment","Bekijk zending"
"View Statistics For:","Bekijk statistieken voor:"
"Visibility:","Zichtbaarheid"
"Warning","Waarschuwing"
"Warning! Empty value can cause problems with CSV format.","LET OP! Lege waarde kan problemen veroorzaken met het CSV-formaat."
"Warning!\r\nThis action will remove this user from already assigned role\r\nAre you sure?","Waarschuwing! Deze actie verwijdert deze gebruiker van de al bestaande rol. Weet u het zeker?"
"Warning!\r\nThis action will remove those users from already assigned roles\r\nAre you sure?","Waarschuwing! Deze actie zal de gebruikers verwijderen die al zijn toegewezen. Weet u het zeker?"
"Warning: Please do not close the window during importing/exporting data","Waarschuwing: Sluit het venster niet tijdens het importeren/exporteren van de gegevens"
"Watermark File for %s","Watermerk-bestand voor %s"
"We appreciate our merchants\' feedback, please <a href="#" onclick="surveyAction(\'yes\'); return false;">take our survey</a> to provide insight on the features you would like included in Magento. <a href="#" onclick="surveyAction(\'no\'); return false;">Remove this notification</a>","We appreciate our merchants\' feedback, please <a href="#" onclick="surveyAction(\'yes\'); return false;">take our survey</a> to provide insight on the features you would like included in Magento. <a href="#" onclick="surveyAction(\'no\'); return false;">Remove this notification</a>"
"We\'re in our typing table, coding away more features for Magento. Thank you for your patience.","Wij zijn druk aan het werk, bezig met het schrijven van nieuwe functies van Magento. Bedankt voor uw geduld."
"Web Section","Sectie Web"
"Web Services","Web Services"
"Web services","Web services"
"Website","Website"
"What is this?","Wat is dit?"
"Wishlist Report","Verlanglijst-rapport"
"Wishlist item is not loaded.","Verlanglijst product is niet geladen."
"Wrong account specified.","Verkeerd opgegeven rekening."
"Wrong billing agreement ID specified.","Onjuiste ID voor factuurovereenkomst gespecificeerd."
"Wrong column format.","Onjuist kolomformaat."
"Wrong newsletter template.","Onjuist nieuwsbriefsjabloon."
"Wrong quote item.","Verkeerde quote item."
"Wrong tab configuration.","Onjuiste tab-configuratie."
"Wrong tag was specified.","Onjuiste tag gespecificeerd."
"Wrong transaction ID specified.","Onjuiste transactie-ID gespecificeerd."
"XML","XML"
"XML data is invalid.","XML data is ongeldig."
"XML object is not instance of "Varien_Simplexml_Element".","XML object is not instance of "Varien_Simplexml_Element"."
"YTD","Vanaf begin dit jaar"
"Year","Jaar"
"Yes","Ja"
"Yes (301 Moved Permanently)","Ja (301 Permanent verhuisd)"
"Yes (302 Found)","Ja (302 gevonden)"
"Yes (only price with tax)","Ja (alleen prijzen incl. BTW)"
"You cannot delete your own account.","U kan niet uw eigen account verwijderen"
"You have %s unread message(s).","U heeft %s ongelezen boodschap(pen)."
"You have %s unread message(s). <a href="%s">Go to messages inbox</a>.","U heeft %s ongelezen bericht(en). <a href="%s">Ga naar inbox</a>."
"You have %s, %s and %s unread messages. <a href="%s">Go to messages inbox</a>.","U heeft %s, %s en %s ongelezen berichten. <a href="%s">Ga naar inbox</a>."
"You have logged out.","U bent afgemeld."
"You have not enough permissions to use this functionality.","U heeft onvoldoende rechten om deze functionaliteit te gebruiken."
"You must have JavaScript enabled in your browser to utilize the functionality of this website.","Om deze website correct te laten werken, dient JavaScript in uw browser ingeschakeld te zijn"
"You need to specify order items.","U dient de orderitems te specificeren."
"You will need to wait when the action ends.","U zult moeten wachten wanneer de actie afgelopen."
"Your answers contain duplicates.","Uw antwoord bevat duplicaten."
"Your password has been updated.","Uw wachtwoord is bijgewerkt."
"Your password reset link has expired.","Uw wachtwoord reset link is verlopen."
"Your server PHP settings allow you to upload files not more than %s at a time. Please modify post_max_size (currently is %s) and upload_max_filesize (currently is %s) values in php.ini if you want to upload larger files.","De PHP-instellingen van uw server staan niet toe om files  te uploaden die groter zijn dan %s. Wijzig de waarden van post_max_size (nu %s) en upload_max_filesize (nu %s) in php.ini als u grotere files wilt uploaden."
"Your web server is configured incorrectly. As a result, configuration files with sensitive information are accessible from the outside. Please contact your hosting provider.","Uw webserver is onjuist geconfigureerd. Daardoor zijn configuratiebestanden met gevoelige informatie ook toegankelijk voor buitenstaanders. Neem contact op met uw hostingprovider."
"Zip/Postal Code","Postcode"
"Zip/Postal Code:","Postcode:"
"[ deleted ]","[ verwijderd ]"
"[GLOBAL]","[GLOBAL]"
"[STORE VIEW]","[WINKELZICHT]"
"[WEBSITE]","[WEBSITE]"
"b","b"
"close","Sluiten"
"critical","kritiek"
"example: "sitemap/" or "/" for base path (path must be writeable)","example: "sitemap/" or "/" for base path (path must be writeable)"
"example: sitemap.xml","voorbeeld: sitemap.xml"
"failed","mislukt"
"from","Van"
"major","belangrijk"
"minor","gering"
"notice","ongelezen"
"store(%s) scope","Scope winkel (%s)"
"successful","geslaagd"
"to","naar"
"website(%s) scope","Scope website(%s)"
"{{base_url}} is not recommended to use in a production environment to declare the Base Unsecure URL / Base Secure URL. It is highly recommended to change this value in your Magento <a href="%s">configuration</a>.","{{base_url}} is not recommended to use in a production environment to declare the Base Unsecure URL / Base Secure URL. It is highly recommended to change this value in your Magento <a href="%s">configuration</a>."
