sku,name,meta_description,meta_keyword,meta_title,qty
osst-20120715012523,"New A+ AUO AU Optronics 11.6"" LCD LED Display Screen Panel for Apple MACBOOK AIR B116XW05 V001 V002 V003 V004 V.0 V.1 V.2 V.3 V.4 V.5 V.6","New A+ AUO AU Optronics 11.6"" LCD LED Display Screen Panel for Apple MACBOOK AIR B116XW05 V001 V002 V003 V004 V.0 V.1 V.2 V.3 V.4 V.5 V.6","New A+ AUO AU Optronics 11.6"" LCD LED Display Screen Panel for Apple MACBOOK AIR B116XW05 V001 V002 V003 V004 V.0 V.1 V.2 V.3 V.4 V.5 V.6","New A+ AUO AU Optronics 11.6"" LCD LED Display Screen Panel for Apple MACBOOK AIR B116XW05 V001 V002 V003 V004 V.0 V.1 V.2 V.3 V.4 V.5 V.6",59
osst-20120715012524,"AUO AU Optronics 11.6"" LCD LED Display Screen Panel for Apple MACBOOK AIR B116XW05 V001 V002 V003 V004 V.0 V.1 V.2 V.3 V.4 V.5 V.6","AUO AU Optronics 11.6"" LCD LED Display Screen Panel for Apple MACBOOK AIR B116XW05 V001 V002 V003 V004 V.0 V.1 V.2 V.3 V.4 V.5 V.6","AUO AU Optronics 11.6"" LCD LED Display Screen Panel for Apple MACBOOK AIR B116XW05 V001 V002 V003 V004 V.0 V.1 V.2 V.3 V.4 V.5 V.6","AUO AU Optronics 11.6"" LCD LED Display Screen Panel for Apple MACBOOK AIR B116XW05 V001 V002 V003 V004 V.0 V.1 V.2 V.3 V.4 V.5 V.6",59
osst-20120715012531,"New A+ Samsung 11.6"" LCD LED Display Screen Panel LTN116AT03 A01 L01 002","New A+ Samsung 11.6"" LCD LED Display Screen Panel LTN116AT03 A01 L01 002","New A+ Samsung 11.6"" LCD LED Display Screen Panel LTN116AT03 A01 L01 002","New A+ Samsung 11.6"" LCD LED Display Screen Panel LTN116AT03 A01 L01 002",59
osst-20120715012532,"Samsung 11.6"" LCD LED Display Screen Panel LTN116AT03 A01 L01 002","Samsung 11.6"" LCD LED Display Screen Panel LTN116AT03 A01 L01","Samsung 11.6"" LCD LED Display Screen Panel LTN116AT03 A01 L01","Samsung 11.6"" LCD LED Display Screen Panel LTN116AT03 A01 L01",57
osst-20120715012533,"New A+ Samsung 11.6"" LCD LED Display Screen Panel LTN116AT04 L01 S01 T02 1366*768","New A+ Samsung 11.6"" LCD LED Display Screen Panel LTN116AT04 L01 S01 T02 1366*768","New A+ Samsung 11.6"" LCD LED Display Screen Panel LTN116AT04 L01 S01 T02 1366*768","New A+ Samsung 11.6"" LCD LED Display Screen Panel LTN116AT04 L01 S01 T02 1366*768",59
osst-20120715012534,"Samsung 11.6"" LCD LED Display Screen Panel LTN116AT04 L01 S01 T02 1366*768","Samsung 11.6"" LCD LED Display Screen Panel LTN116AT04 L01 S01 T02 1366*768","Samsung 11.6"" LCD LED Display Screen Panel LTN116AT04 L01 S01 T02 1366*768","Samsung 11.6"" LCD LED Display Screen Panel LTN116AT04 L01 S01 T02 1366*768",59
osst-20120715012535,"New A+ CMO CHIMEI 11.6"" LCD LED Display Screen Panel N116B6 L01 L02 L03 L04 L05 L06 L07 P02 P41","New A+ CMO CHIMEI 11.6"" LCD LED Display Screen Panel N116B6 L01 L02 L03 L04 L05 L06 L07 P02 P41","New A+ CMO CHIMEI 11.6"" LCD LED Display Screen Panel N116B6 L01 L02 L03 L04 L05 L06 L07 P02 P41","New A+ CMO CHIMEI 11.6"" LCD LED Display Screen Panel N116B6 L01 L02 L03 L04 L05 L06 L07 P02 P41",59
osst-20120715012536,"CMO CHIMEI 11.6"" LCD LED Display Screen Panel N116B6 L01 L02 L03 L04 L05 L06 L07 P02 P41","CMO CHIMEI 11.6"" LCD LED Display Screen Panel N116B6 L01 L02 L03 L04 L05 L06 L07 P02 P41","CMO CHIMEI 11.6"" LCD LED Display Screen Panel N116B6 L01 L02 L03 L04 L05 L06 L07 P02 P41","CMO CHIMEI 11.6"" LCD LED Display Screen Panel N116B6 L01 L02 L03 L04 L05 L06 L07 P02 P41",59
osst-20120715012541,"New A+ LG Philips 11.6"" LCD LED Display Screen Panel LP116WH4 SLA1 SLA2 SLN1 SLP1 TJA1 TJA2 TJA3","New A+ LG Philips 11.6"" LCD LED Display Screen Panel LP116WH4 SLA1 SLA2 SLN1 SLP1 TJA1 TJA2 TJA3","New A+ LG Philips 11.6"" LCD LED Display Screen Panel LP116WH4 SLA1 SLA2 SLN1 SLP1 TJA1 TJA2 TJA3","New A+ LG Philips 11.6"" LCD LED Display Screen Panel LP116WH4 SLA1 SLA2 SLN1 SLP1 TJA1 TJA2 TJA3",59
osst-20120715012542,"LG Philips 11.6"" LCD LED Display Screen Panel LP116WH4 SLA1 SLA2 SLN1 SLP1 TJA1 TJA2 TJA3","LG Philips 11.6"" LCD LED Display Screen Panel LP116WH4 SLA1 SLA2 SLN1 SLP1 TJA1 TJA2 TJA3","LG Philips 11.6"" LCD LED Display Screen Panel LP116WH4 SLA1 SLA2 SLN1 SLP1 TJA1 TJA2 TJA3","LG Philips 11.6"" LCD LED Display Screen Panel LP116WH4 SLA1 SLA2 SLN1 SLP1 TJA1 TJA2 TJA3",59
