"%1$s incl tax.","%1$s incl tax."
"%d Review(s)","%d Review(s)"
"%s Item(s)","%s Item(s)"
"%s Review(s)","%s Review(s)"
"%s is required value","%s is required value"
"%s length must be equal to or greater than 1 characters","%s length must be equal to or greater than 1 characters"
"%s was added to your shopping cart.","%s was added to your shopping cart."
"&copy; %s aheadWorks Co.","&copy; %s aheadWorks Co."
"&laquo; Back to Billing Information","&laquo; Back to Billing Information"
"&laquo; Back to Select Addresses","&laquo; Back to Select Addresses"
"&laquo; Back to Shopping Cart","&laquo; Back to Shopping Cart"
"'Mobile Footer Links (Example)' static block as an example","'Mobile Footer Links (Example)' static block as an example"
"(Posted on %s)","(Posted on %s)"
"(Shift-)Click or drag to change value","(Shift-)Click or drag to change value"
"* Required Fields","* Required Fields"
"- Click on any of the time parts to increase it","- Click on any of the time parts to increase it"
"- Hold mouse button on any of the above buttons for faster selection.","- Hold mouse button on any of the above buttons for faster selection."
"- Use the %s buttons to select month","- Use the %s buttons to select month"
"- Use the %s, %s buttons to select year","- Use the %s, %s buttons to select year"
"- or Shift-click to decrease it","- or Shift-click to decrease it"
"- or click and drag for faster selection.","- or click and drag for faster selection."
"--Please Select--","--Please Select--"
"1 star","1 star"
"2 stars","2 stars"
"3 stars","3 stars"
"4 stars","4 stars"
"5 stars","5 stars"
"<label>Make Check payable to</label>: %s","<label>Make Check payable to</label>: %s"
"<strong>%d item(s)</strong> were found using the following search criteria","<strong>%d item(s)</strong> were found using the following search criteria"
"About This Order:","About This Order:"
"About Your Order","About Your Order"
"About the calendar","About the calendar"
"Acceptance Mark","Acceptance Mark"
"Account Information","Account Information"
"Account,"Account"
"Action","Action"
"Actual Price","Actual Price"
"Add All to Cart","Add All to Cart"
"Add Gift Card","Add Gift Card"
"Add Gift Message","Add Gift Message"
"Add Items to Cart","Add Items to Cart"
"Add New Address","Add New Address"
"Add Recipient","Add Recipient"
"Add Your Review","Add Your Review"
"Add to Cart","Add to Cart"
"Add to Compare","Add to Compare"
"Add to Wishlist","Add to Wishlist"
"Add","Add"
"Added","Added"
"Additional Address Entries","Additional Address Entries"
"Additional Information","Additional Information"
"Additional Options","Additional Options"
"Additional data","Additional data"
"Address %s of %s","Address %s of %s"
"Address Book","Address Book"
"Address Information","Address Information"
"Address","Address"
"Addresses","Addresses"
"Adjustment Fee","Adjustment Fee"
"Adjustment Refund","Adjustment Refund"
"All Tags","All Tags"
"Allowed file extensions to upload","Allowed file extensions to upload"
"Amount in %s","Amount in %s"
"Amount","Amount"
"Applies only to registered customers, may vary when logged in.","Applies only to registered customers, may vary when logged in."
"Apply Coupon","Apply Coupon"
"Apply","Apply"
"Are you sure you want to delete this address?","Are you sure you want to delete this address?"
"Are you sure you want to delete this tag?","Are you sure you want to delete this tag?"
"Are you sure you want to remove this product from your wishlist?","Are you sure you want to remove this product from your wishlist?"
"Are you sure you would like to remove all products from your comparison?","Are you sure you would like to remove all products from your comparison?"
"Are you sure you would like to remove this item from the shopping cart?","Are you sure you would like to remove this item from the shopping cart?"
"Are you sure you would like to remove this item from the wishlist?","Are you sure you would like to remove this item from the wishlist?"
"Are you sure?","Are you sure?"
"As low as:","As low as:"
"Availability: In stock. Ships within 24 hours.","Availability: In stock. Ships within 24 hours."
"Availability: In stock.","Availability: In stock."
"Availability: Out of stock.","Availability: Out of stock."
"Availability:","Availability:"
"Average Customer Rating","Average Customer Rating"
"Average Customer Rating:","Average Customer Rating:"
"Back to Invitations","Back to Invitations"
"Back to Main Product Info","Back to Main Product Info"
"Back to My Orders","Back to My Orders"
"Back to My Reviews","Back to My Reviews"
"Back to Product Reviews","Back to Product Reviews"
"Back to Shipping Information","Back to Shipping Information"
"Back to Tags List","Back to Tags List"
"Back to view Tag","Back to view Tag"
"Back","Back"
"Balance Change","Balance Change"
"Balance History","Balance History"
"Balance is capped at %s.","Balance is capped at %s."
"Balance is limited at %s  %s.","Balance is limited at %s  %s."
"Balance limitation:","Balance limitation:"
"Balance limitations:","Balance limitations:"
"Balance","Balance"
"Based on your selection, you may be interested in the following items:","Based on your selection, you may be interested in the following items:"
"Be the first to review this product","Be the first to review this product"
"Behaviour","Behaviour"
"Billing Address","Billing Address"
"Billing Information","Billing Information"
"Bookmarks Icon Source ","Bookmarks Icon Source "
"Browse By","Browse By"
"Buy %1$s for %2$s (%3$s incl. tax) each","Buy %1$s for %2$s (%3$s incl. tax) each"
"Buy %1$s for %2$s each","Buy %1$s for %2$s each"
"Buy %1$s for %2$s","Buy %1$s for %2$s"
"Buy %s for %s each","Buy %s for %s each"
"Buy %s for %s","Buy %s for %s"
"By creating an account with our store, you will be able to move through the checkout process faster, store multiple shipping addresses, view and track your orders in your account and more.","By creating an account with our store, you will be able to move through the checkout process faster, store multiple shipping addresses, view and track your orders in your account and more."
"Cancel","Cancel"
"Canceled","Canceled"
"Cannot apply gift card.","Cannot apply gift card."
"Cannot remove gift card.","Cannot remove gift card."
"Cannot remove the item.","Cannot remove the item."
"Card Verification Number","Card Verification Number"
"Card type does not match credit card number.","Card type does not match credit card number."
"Carrier:","Carrier:"
"Cart Subtotal:","Cart Subtotal:"
"Catalog Advanced Search","Catalog Advanced Search"
"Catalog Logo Alt","Catalog Logo Alt"
"Catalog Logo Image","Catalog Logo Image"
"Catalog","Catalog"
"Category Feeds","Category Feeds"
"Category","Category"
"Change Account Password","Change Account Password"
"Change Billing Address","Change Billing Address"
"Change Password","Change Password"
"Change Shipping Address","Change Shipping Address"
"Change","Change"
"Check Gift Card","Check Gift Card"
"Check items to add to the cart or","Check items to add to the cart or"
"Check this checkbox if you want to add a link to an rss feed to your wishlist.","Check this checkbox if you want to add a link to an rss feed to your wishlist."
"Check this checkbox if you want to add gift messages to your items.","Check this checkbox if you want to add gift messages to your items."
"Check this checkbox if you want to add gift messages.","Check this checkbox if you want to add gift messages."
"Check","Check"
"Checkout as Guest","Checkout as Guest"
"Checkout as a Guest or Register","Checkout as a Guest or Register"
"Checkout now and earn %s %s !","Checkout now and earn %s %s !"
"Checkout now and earn %s %s (%s) !","Checkout now and earn %s %s (%s) !"
"Checkout with Multiple Addresses","Checkout with Multiple Addresses"
"Checkout with PayPal","Checkout with PayPal"
"Checkout","Checkout"
"Choose an Amount...","Choose an Amount..."
"Choose an Option...","Choose an Option..."
"City","City"
"Clear All Items","Clear All Items"
"Click <a href="#" onclick="cartBack(); return false;">here</a> to continue shopping.","Click <a href="#" onclick="cartBack(); return false;">here</a> to continue shopping."
"Click <a href="%s" onclick="this.target=\'_blank\'">here to print</a> a copy of your order confirmation.","Click <a href="%s" onclick="this.target=\'_blank\'">here to print</a> a copy of your order confirmation."
"Click <a href="%s">here</a> to continue shopping.","Click <a href="%s">here</a> to continue shopping."
"Click for price","Click for price"
"Click on a tag to view your corresponding products.","Click on a tag to view your corresponding products."
"Close Window","Close Window"
"Close","Close"
"Closed","Closed"
"Comment","Comment"
"Community Poll","Community Poll"
"Company","Company"
"Compare Items","Compare Items"
"Compare Products - %d Items","Compare Products - %d Items"
"Compare Products","Compare Products"
"Complete","Complete"
"Confirm New Password","Confirm New Password"
"Confirm Password","Confirm Password"
"Contact Information","Contact Information"
"Contact Us","Contact Us"
"Continue &raquo;","Continue &raquo;"
"Continue Shopping","Continue Shopping"
"Continue to Billing Information","Continue to Billing Information"
"Continue to Review Your Order","Continue to Review Your Order"
"Continue to Shipping Information","Continue to Shipping Information"
"Continue","Continue"
"Country","Country"
"Coupon code ""%s"" is not valid.","Coupon code ""%s"" is not valid."
"Create an Account","Create an Account"
"Credit Card Number","Credit Card Number"
"Credit Card Type","Credit Card Type"
"Cross-sell Products","Cross-sell Products"
"Currency","Currency"
"Current Balance: %s","Current Balance: %s"
"Current Password","Current Password"
"Current exchange rates:","Current exchange rates:"
"Currently Shopping By","Currently Shopping By"
"Custom Design","Custom Design"
"Customer Name: %s","Customer Name: %s"
"Customer Reviews","Customer Reviews"
"DD","DD"
"DHTML Date/Time Selector","DHTML Date/Time Selector"
"Date of Birth","Date of Birth"
"Date selection:","Date selection:"
"Date","Date"
"Day","Day"
"Default Addresses","Default Addresses"
"Default Billing Address","Default Billing Address"
"Default Billing","Default Billing"
"Default Shipping Address","Default Shipping Address"
"Default Shipping","Default Shipping"
"Delete Address","Delete Address"
"Delete","Delete"
"Delivered on:","Delivered on:"
"Delivered to:","Delivered to:"
"Description","Description"
"Design","Design"
"Desktop Version","Desktop Version"
"Desktop/Mobile Switcher","Desktop/Mobile Switcher"
"Details","Details"
"Discount (%s)","Discount (%s)"
"Discount :","Discount :"
"Discount Amount","Discount Amount"
"Discount Codes","Discount Codes"
"Discount","Discount"
"Discount%s","Discount%s"
"Display %s first","Display %s first"
"Display Additional Data","Display Additional Data"
"Distributed under GNU LGPL. See %s for details.","Distributed under GNU LGPL. See %s for details."
"Do you have any gift items in your order?","Do you have any gift items in your order?"
"Don't see what you're looking for?","Don't see what you're looking for?"
"Drag to move","Drag to move"
"E-mail","E-mail"
"Each %s can be redeemed for %s.","Each %s can be redeemed for %s."
"Each %s spent will earn %s.","Each %s spent will earn %s."
"Each <strong> %s </strong> %s can be redeemed for <strong> %s </strong>.","Each <strong> %s </strong> %s can be redeemed for <strong> %s </strong>."
"Each <strong> %s </strong> spent will earn <strong> %s </strong> %s.","Each <strong> %s </strong> spent will earn <strong> %s </strong> %s."
"Each earned %s record expires in <span> %s </span> days","Each earned %s record expires in <span> %s </span> days"
"Each earned reward points record expires in %s days.","Each earned reward points record expires in %s days."
"Easy access to your order history and status","Easy access to your order history and status"
"Edit Account Information","Edit Account Information"
"Edit Address Entry","Edit Address Entry"
"Edit Address","Edit Address"
"Edit Gift Message","Edit Gift Message"
"Edit Items","Edit Items"
"Edit Newsletter Subscription","Edit Newsletter Subscription"
"Edit Newsletters","Edit Newsletters"
"Edit Personal Information","Edit Personal Information"
"Edit Tag","Edit Tag"
"Edit","Edit"
"Email Address","Email Address"
"Email Address:","Email Address:"
"Email Notification Settings","Email Notification Settings"
"Email addresses, separated by commas","Email addresses, separated by commas"
"Email to a Friend","Email to a Friend"
"Email","Email"
"Email:","Email:"
"Enter Gift Card code","Enter Gift Card code"
"Enter a gift message for each item in your order.","Enter a gift message for each item in your order."
"Enter a gift message for entire order.","Enter a gift message for entire order."
"Enter a gift message for this address.","Enter a gift message for this address."
"Enter gift card code","Enter gift card code"
"Enter the gift card code","Enter the gift card code"
"Enter your coupon code if you have one.","Enter your coupon code if you have one."
"Enter your destination to get a shipping estimate.","Enter your destination to get a shipping estimate."
"Entered amount is too high","Entered amount is too high"
"Entered amount is too low","Entered amount is too low"
"Error:","Error:"
"Estimate Shipping and Tax","Estimate Shipping and Tax"
"Excl. Tax","Excl. Tax"
"Excl. Tax:","Excl. Tax:"
"Expiration Date","Expiration Date"
"Expires on %s","Expires on %s"
"Expires: %s","Expires: %s"
"Ext. Price","Ext. Price"
"Fast and easy check out","Fast and easy check out"
"Fast checkout through Google","Fast checkout through Google"
"Fax","Fax"
"Field is not complete","Field is not complete"
"First Name","First Name"
"Footer Copyright","Footer Copyright"
"Footer Links Block","Footer Links Block"
"For latest version visit: %s","For latest version visit: %s"
"Forgot Your Password?","Forgot Your Password?"
"Forgot your password?","Forgot your password?"
"From your My Account Dashboard you have the ability to view a snapshot of your recent account activity and update your account information. Select a link below to view or edit information.","From your My Account Dashboard you have the ability to view a snapshot of your recent account activity and update your account information. Select a link below to view or edit information."
"From","From"
"From:","From:"
"Gender","Gender"
"General Subscription","General Subscription"
"Get Feed","Get Feed"
"Get a Quote","Get a Quote"
"Gift Card "%s" was added.","Gift Card "%s" was added."
"Gift Card "%s" was removed.","Gift Card "%s" was removed."
"Gift Card (%s)","Gift Card (%s)"
"Gift Card amount applied to order: %s","Gift Card amount applied to order: %s"
"Gift Card status","Gift Card status"
"Gift Card","Gift Card"
"Gift Card: %s","Gift Card: %s"
"Gift Cards","Gift Cards"
"Gift Certificate","Gift Certificate"
"Gift Message for this Order","Gift Message for this Order"
"Gift Message","Gift Message"
"Gift Messages","Gift Messages"
"Go Today","Go Today"
"Go to Address Book","Go to Address Book"
"Go to Wishlist","Go to Wishlist"
"Grand Total Excl. Tax","Grand Total Excl. Tax"
"Grand Total Incl. Tax","Grand Total Incl. Tax"
"Grand Total to be Charged","Grand Total to be Charged"
"Grand Total to be charged","Grand Total to be charged"
"Grand Total","Grand Total"
"Grand Total: %s","Grand Total: %s"
"Grand Total:","Grand Total:"
"Have a gift card? <a href="%s">Click here</a> to redeem it.","Have a gift card? <a href="%s">Click here</a> to redeem it."
"Hello, %s!","Hello, %s!"
"How do you rate this product?","How do you rate this product?"
"ID","ID"
"If not defined, default mobile design is used","If not defined, default mobile design is used"
"If not defined, default mobile links are used. Use automatically created 'Mobile Footer Links (Example)' static block as an example","If not defined, default mobile links are used. Use automatically created 'Mobile Footer Links (Example)' static block as an example"
"If you have an account with us, please log in.","If you have an account with us, please log in."
"Incl. Tax","Incl. Tax"
"Incl. Tax:","Incl. Tax:"
"Info:","Info:"
"Invalid Credit Card Number","Invalid Credit Card Number"
"Invite your friends by entering their email addresses below","Invite your friends by entering their email addresses below"
"Invoice #","Invoice #"
"Invoice #%s","Invoice #%s"
"Invoices","Invoices"
"Issue Number","Issue Number"
"Item %d of %d","Item %d of %d"
"Item","Item"
"Items %s to %s of %s total","Items %s to %s of %s total"
"Items Invoiced","Items Invoiced"
"Items Order","Items Order"
"Items Ordered","Items Ordered"
"Items Refunded","Items Refunded"
"Items Shipped","Items Shipped"
"Items in Your Shopping Cart","Items in Your Shopping Cart"
"Items","Items"
"JavaScript seem to be disabled in your browser.","JavaScript seem to be disabled in your browser."
"Language","Language"
"Last 5 Orders","Last 5 Orders"
"Last Added Items","Last Added Items"
"Last Name","Last Name"
"Last Viewed Items","Last Viewed Items"
"Last ordered items","Last ordered items"
"Loading next step...","Loading next step..."
"Loading...","Loading..."
"Local Time","Local Time"
"Location","Location"
"Log In","Log In"
"Log Out","Log Out"
"Login Information","Login Information"
"Login or Create an Account","Login or Create an Account"
"Login","Login"
"M.I.","M.I."
"MM","MM"
"Make Check payable to: %s","Make Check payable to: %s"
"Manage Addresses","Manage Addresses"
"Maximum %d email addresses allowed.","Maximum %d email addresses allowed."
"Maximum balance is reached.","Maximum balance is reached."
"Maximum image height","Maximum image height"
"Maximum image width","Maximum image width"
"Maximum length of the message is %d characters.","Maximum length of the message is %d characters."
"Maximum number of characters","Maximum number of characters"
"Maximum: %s","Maximum: %s"
"Message","Message"
"Message:","Message:"
"Minimum Balance in order to redeem: %s.","Minimum Balance in order to redeem: %s."
"Minimum balance for redeeming points is not reached.","Minimum balance for redeeming points is not reached."
"Minimum: %s","Minimum: %s"
"Miscellaneous Feeds","Miscellaneous Feeds"
"Mobile","Mobile"
"Modify your search","Modify your search"
"Month","Month"
"More Views","More Views"
"My Account","My Account"
"My Cart (%s)","My Cart (%s)"
"My Cart","My Cart"
"My Dashboard","My Dashboard"
"My Downloadable Products","My Downloadable Products"
"My Invitations","My Invitations"
"My Orders - Details","My Orders - Details"
"My Orders","My Orders"
"My Product Reviews","My Product Reviews"
"My Recent Reviews","My Recent Reviews"
"My Recent Tags","My Recent Tags"
"My Reviews","My Reviews"
"My Tags","My Tags"
"My Wishlist - <a href="%s">%d Item(s)</a>","My Wishlist - <a href="%s">%d Item(s)</a>"
"My Wishlist","My Wishlist"
"N/A","N/A"
"Name on Card","Name on Card"
"Name","Name"
"Name:","Name:"
"New Address","New Address"
"New Customers","New Customers"
"New Password","New Password"
"New Products","New Products"
"Newsletter Subscription","Newsletter Subscription"
"Newsletter","Newsletter"
"Newsletters","Newsletters"
"Next month (hold for menu)","Next month (hold for menu)"
"Next year (hold for menu)","Next year (hold for menu)"
"Next","Next"
"Nickname","Nickname"
"No items were found using the following search criteria.","No items were found using the following search criteria."
"No options of this product are available.","No options of this product are available."
"No shipping information available","No shipping information available"
"None.","None."
"Number","Number"
"OR","OR"
"Old Price:","Old Price:"
"On Hold","On Hold"
"Order #","Order #"
"Order #%s (%s)","Order #%s (%s)"
"Order #%s - %s","Order #%s - %s"
"Order #%s","Order #%s"
"Order Date: %s","Order Date: %s"
"Order List...","Order List..."
"Order Review","Order Review"
"Order Subtotal","Order Subtotal"
"Order Success","Order Success"
"Ordered","Ordered"
"Other Amount...","Other Amount..."
"Other Items in Your Order","Other Items in Your Order"
"Out of Stock","Out of Stock"
"Out of stock","Out of stock"
"Out of stock.","Out of stock."
"Page %s of %s","Page %s of %s"
"Page:","Page:"
"Password","Password"
"Pay Now","Pay Now"
"Payer Email: %s","Payer Email: %s"
"Payment Information","Payment Information"
"Payment Method","Payment Method"
"Pending","Pending"
"Personal Information","Personal Information"
"Place Order","Place Order"
"Please do not refresh the page until you complete payment.","Please do not refresh the page until you complete payment."
"Please enter a valid email address","Please enter a valid email address"
"Please enter a valid email addresses, separated by commas. For example johndoe@domain.com, johnsmith@domain.com.","Please enter a valid email addresses, separated by commas. For example johndoe@domain.com, johnsmith@domain.com."
"Please enter the city","Please enter the city"
"Please enter the country","Please enter the country"
"Please enter the state/province","Please enter the state/province"
"Please enter the street","Please enter the street"
"Please enter the telephone number","Please enter the telephone number"
"Please enter the zip/postal code","Please enter the zip/postal code"
"Please enter your email below and we'll send you a new password.","Please enter your email below and we'll send you a new password."
"Please enter your email below and we'll send you confirmation link for it.","Please enter your email below and we'll send you confirmation link for it."
"Please select a shipping method...","Please select a shipping method..."
"Please select one of each of the ratings above","Please select one of each of the ratings above"
"Please select region, state or province","Please select region, state or province"
"Please wait, loading...","Please wait, loading..."
"Please, enter your comments...","Please, enter your comments..."
"Points & Rewards Information","Points & Rewards Information"
"Points & Rewards Invitation","Points & Rewards Invitation"
"Points","Points"
"Popular Search Terms","Popular Search Terms"
"Popular Tags","Popular Tags"
"Prefix","Prefix"
"Prev","Prev"
"Prev. month (hold for menu)","Prev. month (hold for menu)"
"Prev. year (hold for menu)","Prev. year (hold for menu)"
"Previous","Previous"
"Price","Price"
"Print All Invoices","Print All Invoices"
"Print All Refunds","Print All Refunds"
"Print All Shipments","Print All Shipments"
"Print Invoice","Print Invoice"
"Print Refund","Print Refund"
"Print Shipment","Print Shipment"
"Print This Page","Print This Page"
"Proceed to Checkout","Proceed to Checkout"
"Processing","Processing"
"Product Attribute Specs","Product Attribute Specs"
"Product Description","Product Description"
"Product Name","Product Name"
"Product Page","Product Page"
"Product Rating:","Product Rating:"
"Product Review (submitted on %s):","Product Review (submitted on %s):"
"Product Tags","Product Tags"
"Product Views","Product Views"
"Product","Product"
"Product:","Product:"
"Products tagged with '%s' (<a href='%s'>RSS</a>)","Products tagged with '%s' (<a href='%s'>RSS</a>)"
"Products tagged with '%s'","Products tagged with '%s'"
"Purchase Order Number","Purchase Order Number"
"Purchased From: %s","Purchased From: %s"
"Qty Invoiced","Qty Invoiced"
"Qty Ordered","Qty Ordered"
"Qty Shipped","Qty Shipped"
"Qty","Qty"
"Qty:","Qty:"
"RSS Feed","RSS Feed"
"RSS Feeds","RSS Feeds"
"RSS link to %s's wishlist","RSS link to %s's wishlist"
"Rating:","Rating:"
"Reach  %s  %s to start spending them.","Reach  %s  %s to start spending them."
"Reason","Reason"
"Recent Orders","Recent Orders"
"Recently Compared Products","Recently Compared Products"
"Recently Viewed Products","Recently Viewed Products"
"Recently added item(s)","Recently added item(s)"
"Recipient Email","Recipient Email"
"Recipient Name","Recipient Name"
"Recipient:","Recipient:"
"Redeem Gift Card","Redeem Gift Card"
"Refer to %s transaction  history to see if a specific record expires and when.","Refer to %s transaction  history to see if a specific record expires and when."
"Refer to reward points history to see if a specific record expires and when.","Refer to reward points history to see if a specific record expires and when."
"Refund #","Refund #"
"Refund #%s","Refund #%s"
"Refunded to Store Credit","Refunded to Store Credit"
"Refunded","Refunded"
"Refunds","Refunds"
"Register and save time!","Register and save time!"
"Register with us for future convenience:","Register with us for future convenience:"
"Register","Register"
"Registered Customers","Registered Customers"
"Regular Price:","Regular Price:"
"Related Products","Related Products"
"Remove Email","Remove Email"
"Remove Item","Remove Item"
"Remove Product","Remove Product"
"Remove This Item","Remove This Item"
"Remove","Remove"
"Reorder","Reorder"
"Retrieve your confirmation link here","Retrieve your confirmation link here"
"Retrieve your password here","Retrieve your password here"
"Review (submitted on %s):","Review (submitted on %s):"
"Review Details","Review Details"
"Review Order","Review Order"
"Review by %s","Review by %s"
"Review","Review"
"Reward Points","Reward Points"
"Reward points balance Information","Reward points balance Information"
"Reward points balance information","Reward points balance information"
"Row Total","Row Total"
"SKU","SKU"
"Save Address","Save Address"
"Save Password","Save Password"
"Save Subscription Settings","Save Subscription Settings"
"Save Tag","Save Tag"
"Save in Address Book","Save in Address Book"
"Save in address book","Save in address book"
"Save","Save"
"Search Results for '%s' (<a href='%s'>RSS</a>)","Search Results for '%s' (<a href='%s'>RSS</a>)"
"Search Settings","Search Settings"
"Search results for '%s'","Search results for '%s'"
"Search","Search"
"Select Address","Select Address"
"Select Addresses","Select Addresses"
"Select Shipping Method","Select Shipping Method"
"Select State/Province...","Select State/Province..."
"Select Store","Select Store"
"Select Your Currency","Select Your Currency"
"Select a billing address from your address book or enter a new address.","Select a billing address from your address book or enter a new address."
"Select a shipping address from your address book or enter a new address.","Select a shipping address from your address book or enter a new address."
"Select date","Select date"
"Send Check to:","Send Check to:"
"Send Invitations","Send Invitations"
"Send confirmation link","Send confirmation link"
"Send email","Send email"
"Send invitation","Send invitation"
"Send to:","Send to:"
"Sender Email","Sender Email"
"Sender Name","Sender Name"
"Sender:","Sender:"
"Service Type:","Service Type:"
"Share Wishlist","Share Wishlist"
"Share Your Wishlist","Share Your Wishlist"
"Sharing Information","Sharing Information"
"Ship to Multiple Addresses","Ship to Multiple Addresses"
"Ship to different address","Ship to different address"
"Ship to this address","Ship to this address"
"Shipment #","Shipment #"
"Shipment #%s","Shipment #%s"
"Shipped or billed on:","Shipped or billed on:"
"Shipped","Shipped"
"Shipping & Handling","Shipping & Handling"
"Shipping Address","Shipping Address"
"Shipping Information","Shipping Information"
"Shipping Method","Shipping Method"
"Shipping To","Shipping To"
"Shipping method has not been selected yet","Shipping method has not been selected yet"
"Shipping selection is not applicable","Shipping selection is not applicable"
"Shipping selection is not applicable.","Shipping selection is not applicable."
"Shipping","Shipping"
"Shop By","Shop By"
"Shopping Cart is Empty","Shopping Cart is Empty"
"Shopping Cart","Shopping Cart"
"Shopping Options","Shopping Options"
"Show","Show"
"Sign Up for Newsletter","Sign Up for Newsletter"
"Sign a billing agreement to streamline further purchases with PayPal.","Sign a billing agreement to streamline further purchases with PayPal."
"Sign up for our newsletter","Sign up for our newsletter"
"Sign up for our newsletter:","Sign up for our newsletter:"
"Sign up for price alert","Sign up for price alert"
"Sign up to get notified when this product is back in stock","Sign up to get notified when this product is back in stock"
"Signed by:","Signed by:"
"Sku","Sku"
"Sorry, no quotes are available for this order at this time.","Sorry, no quotes are available for this order at this time."
"Special Price:","Special Price:"
"Start Date","Start Date"
"Start Download","Start Download"
"Starting at:","Starting at:"
"State/Province","State/Province"
"Status","Status"
"Status:","Status:"
"Store Credit payment is not being used in your shopping cart.","Store Credit payment is not being used in your shopping cart."
"Store Credit","Store Credit"
"Street Address %s","Street Address %s"
"Street Address 2","Street Address 2"
"Street Address","Street Address"
"Submit Review","Submit Review"
"Submit","Submit"
"Submitting order information...","Submitting order information..."
"Subscribe for balance updates","Subscribe for balance updates"
"Subscribe for points expiration notifications","Subscribe for points expiration notifications"
"Subscribe to Feed","Subscribe to Feed"
"Subscribe to balance update","Subscribe to balance update"
"Subscribe","Subscribe"
"Subtotal (Excl. Tax)","Subtotal (Excl. Tax)"
"Subtotal (Incl. Tax)","Subtotal (Incl. Tax)"
"Subtotal","Subtotal"
"Suffix","Suffix"
"Summary of Your Review","Summary of Your Review"
"Switch/Solo Only","Switch/Solo Only"
"Tag Information","Tag Information"
"Tag Name: %s","Tag Name: %s"
"Tags:","Tags:"
"Tax Amount","Tax Amount"
"Tax","Tax"
"Tax/VAT number","Tax/VAT number"
"Telephone","Telephone"
"Thank you for your purchase!","Thank you for your purchase!"
"Thank you for your subscription","Thank you for your subscription"
"The gift message has been removed.","The gift message has been removed."
"The gift message has been saved.","The gift message has been saved."
"The link is not available.","The link is not available."
"The minimum password length is 6","The minimum password length is 6"
"The opportunity of using this URL is not supported yet","The opportunity of using this URL is not supported yet"
"The opportunity of using this tab is not supported yet","The opportunity of using this tab is not supported yet"
"The store credit payment has been removed from shopping cart.","The store credit payment has been removed from shopping cart."
"There are <a href="%s"><strong>%s items</strong></a> in your cart.","There are <a href="%s"><strong>%s items</strong></a> in your cart."
"There are no %s available.","There are no %s available."
"There are no Rss Feeds.","There are no Rss Feeds."
"There are no categories.","There are no categories."
"There are no products matching the selection.","There are no products matching the selection."
"There are no search terms available.","There are no search terms available."
"There are no sent invitations yet","There are no sent invitations yet"
"There are no tags available.","There are no tags available."
"There is <a href="%s"><strong>1 item</strong></a> in your cart.","There is <a href="%s"><strong>1 item</strong></a> in your cart."
"There is no balance history yet.","There is no balance history yet."
"There is no tracking available for this shipment.","There is no tracking available for this shipment."
"There is no tracking available.","There is no tracking available."
"This bundle is out of stock.","This bundle is out of stock."
"This is My Default %s Address","This is My Default %s Address"
"This is a demo store. Any orders placed through this store will not be honored or fulfilled.","This is a demo store. Any orders placed through this store will not be honored or fulfilled."
"This is a required option","This is a required option"
"Time selection:","Time selection:"
"Time:","Time:"
"Title","Title"
"To Cart","To Cart"
"To add or remove gift cards, <a href="%s">click here</a>.","To add or remove gift cards, <a href="%s">click here</a>."
"To","To"
"To:","To:"
"Total Due","Total Due"
"Total Paid","Total Paid"
"Total Refunded","Total Refunded"
"Total incl. Tax: %1$s","Total incl. Tax: %1$s"
"Total incl. tax","Total incl. tax"
"Total","Total"
"Track all shipment(s)","Track all shipment(s)"
"Track this shipment","Track this shipment"
"Track your order","Track your order"
"Track:","Track:"
"Tracking Number(s)","Tracking Number(s)"
"Tracking Number:","Tracking Number:"
"Tracking information is currently not available. Please","Tracking information is currently not available. Please"
"Transactions History","Transactions History"
"Unable to find any products tagged with '%s' in the current store","Unable to find any products tagged with '%s' in the current store"
"Unable to find any products tagged with '%s' in the current store.","Unable to find any products tagged with '%s' in the current store."
"Up To","Up To"
"Update Cart","Update Cart"
"Update Shipping Method","Update Shipping Method"
"Update Total","Update Total"
"Update Wishlist","Update Wishlist"
"Update","Update"
"Use Billing Address","Use Billing Address"
"Use Store Credit","Use Store Credit"
"Use as My Default %s Address","Use as My Default %s Address"
"Use as my default billing address","Use as my default billing address"
"Use as my default shipping address","Use as my default shipping address"
"Use my %s","Use my %s"
"View All Reviews","View All Reviews"
"View All Tags","View All Tags"
"View All","View All"
"View Details","View Details"
"View Order List","View Order List"
"View Order","View Order"
"View Product","View Product"
"Vote","Vote"
"We are processing your order and you will soon receive an email with details of the order. Once the order has shipped you will receive another email with a link to track its progress.","We are processing your order and you will soon receive an email with details of the order. Once the order has shipped you will receive another email with a link to track its progress."
"Weight:","Weight:"
"What is PayPal?","What is PayPal?"
"What is it?","What is it?"
"What is this?","What is this?"
"What's this?","What's this?"
"Wishlist is empty now.","Wishlist is empty now."
"Wishlist","Wishlist"
"Write Your Own Review","Write Your Own Review"
"Wrong or expired Gift Card Code.","Wrong or expired Gift Card Code."
"YYYY","YYYY"
"Year","Year"
"You are currently not subscribed to any newsletter.","You are currently not subscribed to any newsletter."
"You are currently on:","You are currently on:"
"You are currently subscribed to 'General Subscription'.","You are currently subscribed to 'General Subscription'."
"You are currently subscribed to our newsletter.","You are currently subscribed to our newsletter."
"You are now logged out","You are now logged out"
"You can leave a box blank if you don't wish to add a gift message for the item.","You can leave a box blank if you don't wish to add a gift message for the item."
"You can leave a box blank if you don't wish to add a gift message for this address.","You can leave a box blank if you don't wish to add a gift message for this address."
"You can leave a box blank if you don't wish to add a gift message for whole order.","You can leave a box blank if you don't wish to add a gift message for whole order."
"You cannot send more invitations","You cannot send more invitations"
"You have logged out and will be redirected to our homepage in 5 seconds.","You have logged out and will be redirected to our homepage in 5 seconds."
"You have no additional address entries in your address book.","You have no additional address entries in your address book."
"You have no additional entries in your address book.","You have no additional entries in your address book."
"You have no default billing address in your address book.","You have no default billing address in your address book."
"You have no default entries in your address book.","You have no default entries in your address book."
"You have no items in your shopping cart.","You have no items in your shopping cart."
"You have no items in your wishlist.","You have no items in your wishlist."
"You have no items to compare.","You have no items to compare."
"You have not purchased any downloadable products yet.","You have not purchased any downloadable products yet."
"You have not tagged any products yet.","You have not tagged any products yet."
"You have placed no orders yet.","You have placed no orders yet."
"You have placed no orders.","You have placed no orders."
"You have placed no products yet.","You have placed no products yet."
"You have submitted no reviews.","You have submitted no reviews."
"You haven't sent any invitation yet","You haven't sent any invitation yet"
"You may also be interested in the following product(s)","You may also be interested in the following product(s)"
"You must have JavaScript enabled in your browser to utilize the functionality of this website.","You must have JavaScript enabled in your browser to utilize the functionality of this website."
"You will be required to enter your payment details after you place an order.","You will be required to enter your payment details after you place an order."
"You will receive an order confirmation email with details of your order and a link to track its progress.","You will receive an order confirmation email with details of your order and a link to track its progress."
"You're reviewing: %s","You're reviewing: %s"
"Your Checkout Progress","Your Checkout Progress"
"Your Rating:","Your Rating:"
"Your Recently Compared","Your Recently Compared"
"Your Recently Viewed","Your Recently Viewed"
"Your Review (submitted on %s):","Your Review (submitted on %s):"
"Your account balance is: %s","Your account balance is: %s"
"Your credit card will be charged for","Your credit card will be charged for"
"Your current balance is %s %s %s.","Your current balance is %s %s %s."
"Your current balance is %s.","Your current balance is %s."
"Your current balance is:","Your current balance is:"
"Your current currency is: %s","Your current currency is: %s"
"Your order # is: %s","Your order # is: %s"
"Your order # is: %s.","Your order # is: %s."
"Your order has been received","Your order has been received"
"Your order number is","Your order number is"
"Your search returns no results.","Your search returns no results."
"Zip/Postal Code","Zip/Postal Code"
"Zoom In","Zoom In"
"Zoom Out","Zoom Out"
"and","and"
"available","available"
"each","each"
"iPhone Cache","iPhone Cache"
"iPhone Detect","iPhone Detect"
"learn more...","learn more..."
"of %s %s (%s) available","of %s %s (%s) available"
"per page","per page"
"sample","sample"
"select all","select all"
"unselect all","unselect all"
