"name","sku","price","meta_description","meta_keyword","meta_title","qty"
"AUO AU Optronics 11.6"" LCD LED Display Screen Panel B116XW01 V.0 V.1","osst-20120715012516","62.0000","AUO AU Optronics 11.6"" LCD LED Display Screen Panel B116XW01 V.0 V.1","AUO AU Optronics 11.6"" LCD LED Display Screen Panel B116XW01 V.0 V.1","AUO AU Optronics 11.6"" LCD LED Display Screen Panel B116XW01 V.0 V.1","59.0000"
"New A+ AUO AU Optronics 11.6"" LCD LED Display Screen Panel B116XW02 V.0 V.1 V.2","osst-20120715012517","75.0000","New A+ AUO AU Optronics 11.6"" LCD LED Display Screen Panel B116XW02 V.0 V.1 V.2","New A+ AUO AU Optronics 11.6"" LCD LED Display Screen Panel B116XW02 V.0 V.1 V.2","New A+ AUO AU Optronics 11.6"" LCD LED Display Screen Panel B116XW02 V.0 V.1 V.2","59.0000"
"AUO AU Optronics 11.6"" LCD LED Display Screen Panel B116XW02 V.0 V.1 V.2","osst-20120715012518","62.0000","AUO AU Optronics 11.6"" LCD LED Display Screen Panel B116XW02 V.0 V.1 V.2","AUO AU Optronics 11.6"" LCD LED Display Screen Panel B116XW02 V.0 V.1 V.2","AUO AU Optronics 11.6"" LCD LED Display Screen Panel B116XW02 V.0 V.1 V.2","59.0000"
"New A+ AUO AU Optronics 11.6"" LCD LED Display Screen Panel B116XW03 V.0 V.1 V.2","osst-20120715012519","75.0000","New A+ AUO AU Optronics 11.6"" LCD LED Display Screen Panel B116XW03 V.0 V.1 V.2","New A+ AUO AU Optronics 11.6"" LCD LED Display Screen Panel B116XW03 V.0 V.1 V.2","New A+ AUO AU Optronics 11.6"" LCD LED Display Screen Panel B116XW03 V.0 V.1 V.2","59.0000"
"AUO AU Optronics 11.6"" LCD LED Display Screen Panel B116XW03 V.0 V.1 V.2","osst-20120715012520","62.0000","AUO AU Optronics 11.6"" LCD LED Display Screen Panel B116XW03 V.0 V.1 V.2","AUO AU Optronics 11.6"" LCD LED Display Screen Panel B116XW03 V.0 V.1 V.2","AUO AU Optronics 11.6"" LCD LED Display Screen Panel B116XW03 V.0 V.1 V.2","59.0000"
"AUO AU Optronics 11.6"" LCD LED Display Screen Panel B116XW04 V.0","osst-20120715012522","85.0000","AUO AU Optronics 11.6"" LCD LED Display Screen Panel B116XW04 V.0","AUO AU Optronics 11.6"" LCD LED Display Screen Panel B116XW04 V.0","AUO AU Optronics 11.6"" LCD LED Display Screen Panel B116XW04 V.0","59.0000"
"New A+ AUO AU Optronics MACBOOK AIR 11.6"" LCD LED Display Screen Panel B116XW05 V.0 V.1 V.001","osst-20120715012523","75.0000","New A+ AUO AU Optronics MACBOOK AIR 11.6"" LCD LED Display Screen Panel B116XW05 V.0 V.1 V.001","New A+ AUO AU Optronics MACBOOK AIR 11.6"" LCD LED Display Screen Panel B116XW05 V.0 V.1 V.001","New A+ AUO AU Optronics MACBOOK AIR 11.6"" LCD LED Display Screen Panel B116XW05 V.0 V.1 V.001","59.0000"
"AUO AU Optronics MACBOOK AIR 11.6"" LCD LED Display Screen Panel B116XW05 V.0 V.1 V.001","osst-20120715012524","65.0000","AUO AU Optronics MACBOOK AIR 11.6"" LCD LED Display Screen Panel B116XW05 V.0 V.1 V.001","AUO AU Optronics MACBOOK AIR 11.6"" LCD LED Display Screen Panel B116XW05 V.0 V.1 V.001","AUO AU Optronics MACBOOK AIR 11.6"" LCD LED Display Screen Panel B116XW05 V.0 V.1 V.001","59.0000"
"New A+ Samsung 11.6"" LCD LED Display Screen Panel LTN116AT01 201 401 801 A01 A02 A03 A04 T01 P01 L01 W01","osst-20120715012525","75.0000","New A+ Samsung 11.6"" LCD LED Display Screen Panel LTN116AT01 201 401 801 A01 A02 A03 A04 T01 P01 L01 W01","New A+ Samsung 11.6"" LCD LED Display Screen Panel LTN116AT01 201 401 801 A01 A02 A03 A04 T01 P01 L01 W01","New A+ Samsung 11.6"" LCD LED Display Screen Panel LTN116AT01 201 401 801 A01 A02 A03 A04 T01 P01 L01 W01","59.0000"
"Samsung 11.6"" LCD LED Display Screen Panel LTN116AT01 201 401 801 A01 A02 A03 A04 T01 P01 L01 W01","osst-20120715012526","62.0000","Samsung 11.6"" LCD LED Display Screen Panel LTN116AT01 201 401 801 A01 A02 A03 A04 T01 P01 L01 W01","Samsung 11.6"" LCD LED Display Screen Panel LTN116AT01 201 401 801 A01 A02 A03 A04 T01 P01 L01 W01","Samsung 11.6"" LCD LED Display Screen Panel LTN116AT01 201 401 801 A01 A02 A03 A04 T01 P01 L01 W01","59.0000"
"New A+ Samsung 11.6"" LCD LED Display Screen Panel LTN116AT02 D01 L01 H01 H02","osst-20120715012529","75.0000","New A+ Samsung 11.6"" LCD LED Display Screen Panel LTN116AT02 D01 L01 H01 H02","New A+ Samsung 11.6"" LCD LED Display Screen Panel LTN116AT02 D01 L01 H01 H02","New A+ Samsung 11.6"" LCD LED Display Screen Panel LTN116AT02 D01 L01 H01 H02","59.0000"
"Samsung 11.6"" LCD LED Display Screen Panel LTN116AT02 D01 L01 H01 H02","osst-20120715012530","62.0000","Samsung 11.6"" LCD LED Display Screen Panel LTN116AT02 D01 L01 H01 H02","Samsung 11.6"" LCD LED Display Screen Panel LTN116AT02 D01 L01 H01 H02","Samsung 11.6"" LCD LED Display Screen Panel LTN116AT02 D01 L01 H01 H02","59.0000"
"New A+ Samsung 11.6"" LCD LED Display Screen Panel LTN116AT03 A01 L01","osst-20120715012531","75.0000","New A+ Samsung 11.6"" LCD LED Display Screen Panel LTN116AT03 A01 L01","New A+ Samsung 11.6"" LCD LED Display Screen Panel LTN116AT03 A01 L01","New A+ Samsung 11.6"" LCD LED Display Screen Panel LTN116AT03 A01 L01","59.0000"
"Samsung 11.6"" LCD LED Display Screen Panel LTN116AT03 A01 L01","osst-20120715012532","62.0000","Samsung 11.6"" LCD LED Display Screen Panel LTN116AT03 A01 L01","Samsung 11.6"" LCD LED Display Screen Panel LTN116AT03 A01 L01","Samsung 11.6"" LCD LED Display Screen Panel LTN116AT03 A01 L01","57.0000"
"New A+ Samsung 11.6"" LCD LED Display Screen Panel LTN116AT04 L01 S01 1366*768","osst-20120715012533","75.0000","New A+ Samsung 11.6"" LCD LED Display Screen Panel LTN116AT04 L01 S01 1366*768","New A+ Samsung 11.6"" LCD LED Display Screen Panel LTN116AT04 L01 S01 1366*768","New A+ Samsung 11.6"" LCD LED Display Screen Panel LTN116AT04 L01 S01 1366*768","59.0000"
"Samsung 11.6"" LCD LED Display Screen Panel LTN116AT04 L01 S01 1366*768","osst-20120715012534","62.0000","Samsung 11.6"" LCD LED Display Screen Panel LTN116AT04 L01 S01 1366*768","Samsung 11.6"" LCD LED Display Screen Panel LTN116AT04 L01 S01 1366*768","Samsung 11.6"" LCD LED Display Screen Panel LTN116AT04 L01 S01 1366*768","59.0000"
"New A+ CMO CHIMEI 11.6"" LCD LED Display Screen Panel N116B6 L01 L02 L03 L04 L05 L06 L07","osst-20120715012535","75.0000","New A+ CMO CHIMEI 11.6"" LCD LED Display Screen Panel N116B6 L01 L02 L03 L04 L05 L06 L07","New A+ CMO CHIMEI 11.6"" LCD LED Display Screen Panel N116B6 L01 L02 L03 L04 L05 L06 L07","New A+ CMO CHIMEI 11.6"" LCD LED Display Screen Panel N116B6 L01 L02 L03 L04 L05 L06 L07","59.0000"
"CMO CHIMEI 11.6"" LCD LED Display Screen Panel N116B6 L01 L02 L03 L04 L05 L06 L07","osst-20120715012536","62.0000","CMO CHIMEI 11.6"" LCD LED Display Screen Panel N116B6 L01 L02 L03 L04 L05 L06 L07","CMO CHIMEI 11.6"" LCD LED Display Screen Panel N116B6 L01 L02 L03 L04 L05 L06 L07","CMO CHIMEI 11.6"" LCD LED Display Screen Panel N116B6 L01 L02 L03 L04 L05 L06 L07","59.0000"
"New A+ LG Philips 11.6"" LCD LED Display Screen Panel LP116WH1 TLA1 TLA2 TLB1 TLB2 TLC1 TLP1 TLN1 TLN2","osst-20120715012537","75.0000","New A+ LG Philips 11.6"" LCD LED Display Screen Panel LP116WH1 TLA1 TLA2 TLB1 TLB2 TLC1 TLP1 TLN1 TLN2","New A+ LG Philips 11.6"" LCD LED Display Screen Panel LP116WH1 TLA1 TLA2 TLB1 TLB2 TLC1 TLP1 TLN1 TLN2","New A+ LG Philips 11.6"" LCD LED Display Screen Panel LP116WH1 TLA1 TLA2 TLB1 TLB2 TLC1 TLP1 TLN1 TLN2","59.0000"
"LG Philips 11.6"" LCD LED Display Screen Panel LP116WH1 TLA1 TLA2 TLB1 TLB2 TLC1 TLP1 TLN1 TLN2","osst-20120715012538","62.0000","LG Philips 11.6"" LCD LED Display Screen Panel LP116WH1 TLA1 TLA2 TLB1 TLB2 TLC1 TLP1 TLN1 TLN2","LG Philips 11.6"" LCD LED Display Screen Panel LP116WH1 TLA1 TLA2 TLB1 TLB2 TLC1 TLP1 TLN1 TLN2","LG Philips 11.6"" LCD LED Display Screen Panel LP116WH1 TLA1 TLA2 TLB1 TLB2 TLC1 TLP1 TLN1 TLN2","59.0000"
"New A+ LG Philips 11.6"" LCD LED Display Screen Panel LP116WH2-TLA1 TLB1 TLB2 TLC1 TLC2 TLN1 TLN2","osst-20120715012539","75.0000","New A+ LG Philips 11.6"" LCD LED Display Screen Panel LP116WH2-TLA1 TLB1 TLB2 TLC1 TLC2 TLN1 TLN2","New A+ LG Philips 11.6"" LCD LED Display Screen Panel LP116WH2-TLA1 TLB1 TLB2 TLC1 TLC2 TLN1 TLN2","New A+ LG Philips 11.6"" LCD LED Display Screen Panel LP116WH2-TLA1 TLB1 TLB2 TLC1 TLC2 TLN1 TLN2","59.0000"
"LG Philips 11.6"" LCD LED Display Screen Panel LP116WH2-TLA1 TLB1 TLB2 TLC1 TLC2 TLN1 TLN2","osst-20120715012540","62.0000","LG Philips 11.6"" LCD LED Display Screen Panel LP116WH2-TLA1 TLB1 TLB2 TLC1 TLC2 TLN1 TLN2","LG Philips 11.6"" LCD LED Display Screen Panel LP116WH2-TLA1 TLB1 TLB2 TLC1 TLC2 TLN1 TLN2","LG Philips 11.6"" LCD LED Display Screen Panel LP116WH2-TLA1 TLB1 TLB2 TLC1 TLC2 TLN1 TLN2","59.0000"
"New A+ LG Philips 11.6"" LCD LED Display Screen Panel LP116WH4-TPA1","osst-20120715012541","155.0000","New A+ LG Philips 11.6"" LCD LED Display Screen Panel LP116WH4-TPA1","New A+ LG Philips 11.6"" LCD LED Display Screen Panel LP116WH4-TPA1","New A+ LG Philips 11.6"" LCD LED Display Screen Panel LP116WH4-TPA1","59.0000"
"LG Philips 11.6"" LCD LED Display Screen Panel LP116WH4-TPA1","osst-20120715012542","145.0000","LG Philips 11.6"" LCD LED Display Screen Panel LP116WH4-TPA1","LG Philips 11.6"" LCD LED Display Screen Panel LP116WH4-TPA1","LG Philips 11.6"" LCD LED Display Screen Panel LP116WH4-TPA1","59.0000"
"New A+ LG Philips 11.6"" LCD Display Screen Panel LP116WH4 TJA1 TJA2 TJA3","osst-20120715012543","75.0000","New A+ LG Philips 11.6"" LCD Display Screen Panel LP116WH4 TJA1 TJA2 TJA3","New A+ LG Philips 11.6"" LCD Display Screen Panel LP116WH4 TJA1 TJA2 TJA3","New A+ LG Philips 11.6"" LCD Display Screen Panel LP116WH4 TJA1 TJA2 TJA3","59.0000"
"LG Philips 11.6"" LCD Display Screen Panel LP116WH4 TJA1 TJA2 TJA3","osst-20120715012544","62.0000","LG Philips 11.6"" LCD Display Screen Panel LP116WH4 TJA1 TJA2 TJA3","LG Philips 11.6"" LCD Display Screen Panel LP116WH4 TJA1 TJA2 TJA3","LG Philips 11.6"" LCD Display Screen Panel LP116WH4 TJA1 TJA2 TJA3","59.0000"
"New A+ CPT 11.6"" LCD LED Display Screen Panel CLAA116WA01 1366*768","osst-20120715012545","75.0000","New A+ CPT 11.6"" LCD LED Display Screen Panel CLAA116WA01 1366*768","New A+ CPT 11.6"" LCD LED Display Screen Panel CLAA116WA01 1366*768","New A+ CPT 11.6"" LCD LED Display Screen Panel CLAA116WA01 1366*768","59.0000"
"CPT 11.6"" LCD LED Display Screen Panel CLAA116WA01 1366*768","osst-20120715012546","62.0000","CPT 11.6"" LCD LED Display Screen Panel CLAA116WA01 1366*768","CPT 11.6"" LCD LED Display Screen Panel CLAA116WA01 1366*768","CPT 11.6"" LCD LED Display Screen Panel CLAA116WA01 1366*768","59.0000"
"New A+ CPT 11.6"" LCD LED Display Screen Panel CLAA116WA01 CLAA116WA01A 1366*768","osst-20120715012547","75.0000","New A+ CPT 11.6"" LCD LED Display Screen Panel CLAA116WA01 CLAA116WA01A 1366*768","New A+ CPT 11.6"" LCD LED Display Screen Panel CLAA116WA01 CLAA116WA01A 1366*768","New A+ CPT 11.6"" LCD LED Display Screen Panel CLAA116WA01 CLAA116WA01A 1366*768","59.0000"
"CPT 11.6"" LCD LED Display Screen Panel CLAA116WA01 CLAA116WA01A 1366*768","osst-20120715012548","62.0000","CPT 11.6"" LCD LED Display Screen Panel CLAA116WA01 CLAA116WA01A 1366*768","CPT 11.6"" LCD LED Display Screen Panel CLAA116WA01 CLAA116WA01A 1366*768","CPT 11.6"" LCD LED Display Screen Panel CLAA116WA01 CLAA116WA01A 1366*768","59.0000"
"New A+ AUO AU Optronics 11.6"" LCD LED Display Screen Panel B116XW01 V.0 V.1","osst-20120715012515","75.0000","New A+ AUO AU Optronics 11.6"" LCD LED Display Screen Panel B116XW01 V.0 V.1","New A+ AUO AU Optronics 11.6"" LCD LED Display Screen Panel B116XW01 V.0 V.1","New A+ AUO AU Optronics 11.6"" LCD LED Display Screen Panel B116XW01 V.0 V.1","59.0000"
"New A+ AUO AU Optronics 11.6"" LCD LED Display Screen Panel B116XW04 V.0","osst-20120715012521","95.0000","New A+ AUO AU Optronics 11.6"" LCD LED Display Screen Panel B116XW04 V.0","New A+ AUO AU Optronics 11.6"" LCD LED Display Screen Panel B116XW04 V.0","New A+ AUO AU Optronics 11.6"" LCD LED Display Screen Panel B116XW04 V.0","59.0000"
