"name","sku","price","qty","weight","options_container"
"New A+ Sharp 13.8"" LCD CCFL Display Screen Panel LQ14D311 640*480","osst-20120715013133","285.0000","59.0000","399.0000","Block after Info Column"
"New A+ Sharp 13.8"" LCD CCFL Display Screen Panel LQ14D412 640*480","osst-20120715013135","285.0000","59.0000","399.0000","Block after Info Column"
"New A+ Sharp 13.8"" LCD CCFL Display Screen Panel LQ14X01 1024*768","osst-20120715013137","285.0000","59.0000","399.0000","Block after Info Column"
"Sharp 13.8"" LCD CCFL Display Screen Panel LQ14X01 1024*768","osst-20120715013138","250.0000","59.0000","399.0000","Block after Info Column"
"Sharp 13.8"" LCD CCFL Display Screen Panel LQ14X02 1024*768","osst-20120715013140","250.0000","59.0000","399.0000","Block after Info Column"
"New A+ Sharp 13.8"" LCD CCFL Display Screen Panel LQ14X03 1024*768","osst-20120715013141","285.0000","59.0000","399.0000","Block after Info Column"
"Sharp 13.8"" LCD CCFL Display Screen Panel LQ14X03 1024*768","osst-20120715013142","250.0000","59.0000","399.0000","Block after Info Column"
"Sharp 13.8"" LCD CCFL Display Screen Panel LQ14D311 640*480","osst-20120715013134","250.0000","59.0000","399.0000","Block after Info Column"
"Sharp 13.8"" LCD CCFL Display Screen Panel LQ14D412 640*480","osst-20120715013136","250.0000","59.0000","399.0000","Block after Info Column"
"New A+ Sharp 13.8"" LCD CCFL Display Screen Panel LQ14X02 1024*768","osst-20120715013139","285.0000","59.0000","399.0000","Block after Info Column"
